Trust Code,Trust Name,Old Commissioning Region,New Commissioning Region,Trust Type,Number of sites - General acute hospital (No.),Number of sites - Specialist hospital (acute only) (No.),Number of sites - Mixed service hospital (No.),Number of sites - Mental Health (including Specialist services) (No.),Number of sites - Learning Disabilities (No.),Number of sites - Mental Health and Learning Disabilities (No.),Number of sites - Community hospital (with inpatient beds) (No.),Number of sites - Other inpatient (No.),Number of sites - Non inpatient (No.),Number of sites - Support facilities (No.),Total number of sites (No.),Sites included above that are unreported (No.),Sites leased from NHS Property Services (No.),Sites occupied without charges (No.),Estates Development Strategy (Yes/No),Does the trust have a waste reuse scheme (Yes/No),Does the trust have a waste manager (Yes/No),Capital investment for new build (£),Capital investment for improving existing buildings (£),Capital investment for equipment (£),Private Sector investment (£),Public sector investment (£),Charity and/or grant investment (£),Investment to reduce backlog maintenance (£),Energy efficient schemes costs (£),Number of energy efficient schemes (No),Income from areas leased out for retail sales (£),Income from energy (£),Income from waste (£),Income from cleaning services (£),Income from catering (£),Income from laundry and linen (£),Income from car parking - patients and visitors (£),Income from car parking - staff (£),Income from portering services (£),Income from other services (£),Estates and Facilities RIDDOR incidents (No.),Estates and facilities related incidents (No.),Clinical service incidents caused by estates and infrastructure failure (No.),Overheating occurrences triggering a risk assessment (No.),Fires recorded (No.),False alarms - No call out (No.),False alarms - Call out (No.),Number of deaths resulting from fire(s) (No.),Number of people injured resulting from fire(s) (No.),Number of patients sustaining injuries during evacuation (No.),Medical Records cost - Onsite (£),Medical Records cost - Offsite (£),Type of Medical Records (Select),Medical Records service provision (Select)
R0A,MANCHESTER UNIVERSITY NHS FOUNDATION TRUST,NORTH OF ENGLAND COMMISSIONING REGION,NORTH WEST COMMISSIONING REGION,ACUTE - TEACHING,3,4,1,3,0,0,1,2,45,7,66,50,31,0,Yes,Yes,Yes,"11,469,216","7,740,652","114,932","7,636,274",0,"72,125","6,994,714","621,525",18,"343,078","229,999","13,589","151,784","327,904",0,"3,296,161","3,056,515",0,"1,877,426",7,1,12,0,15,0,334,0,0,0,"2,871,339","145,631",3. Mixed,Internal
R1A,WORCESTERSHIRE HEALTH AND CARE NHS TRUST,MIDLANDS AND EAST OF ENGLAND COMMISSIONING REGION,MIDLANDS COMMISSIONING REGION,COMMUNITY,0,0,1,5,1,0,5,1,74,2,89,45,0,19,Yes,No,No,0,"4,367,250","458,180",0,0,0,"3,132,336","40,000",5,0,0,0,"60,841","58,058","1,620","124,793",0,0,"54,804",0,2,4,80,3,7,7,0,0,0,"169,347","118,345",3. Mixed,Hybrid
R1C,SOLENT NHS TRUST,SOUTH OF ENGLAND COMMISSIONING REGION,SOUTH EAST COMMISSIONING REGION,COMMUNITY,0,0,1,0,0,0,4,1,59,9,74,41,8,9,Yes,Yes,Yes,0,"6,427,000",0,0,"8,076,000","251,000","1,900,000",0,0,0,"258,143","29,949","221,180","573,943","34,543","211,285",0,"121,591","6,057,816",0,91,18,0,1,35,1,0,1,0,"39,584","83,204",3. Mixed,Hybrid
R1D,SHROPSHIRE COMMUNITY HEALTH NHS TRUST,MIDLANDS AND EAST OF ENGLAND COMMISSIONING REGION,MIDLANDS COMMISSIONING REGION,COMMUNITY,0,0,0,0,0,0,4,0,83,8,95,60,11,0,Yes,No,No,0,"935,000","313,000",0,0,"78,000","371,000",0,0,0,0,0,0,0,0,0,0,0,"33,394",2,4,4,0,2,2,2,0,0,0,"60,990","65,359",3. Mixed,Hybrid
R1F,ISLE OF WIGHT NHS TRUST,SOUTH OF ENGLAND COMMISSIONING REGION,SOUTH EAST COMMISSIONING REGION,ACUTE - MULTI-SERVICE,0,0,1,1,0,0,0,0,8,8,18,1,0,0,No,Yes,Yes,0,"2,864,000","177,000",0,0,0,"773,000",0,0,0,"50,713","26,758","21,832","481,265",0,"352,412","133,928","6,117","8,200",8,0,50,0,4,45,36,0,0,0,"864,334","20,000",3. Mixed,Internal
R1H,BARTS HEALTH NHS TRUST,LONDON COMMISSIONING REGION,LONDON COMMISSIONING REGION,ACUTE - TEACHING,3,0,1,0,0,0,0,0,7,2,13,5,6,0,No,Yes,Yes,0,"22,989,234","1,023,716",0,"24,012,950",0,"13,701,032","225,000",5,"263,825",0,0,"878,404","258,540","64,655",0,0,0,"9,755,164",97,448,0,0,13,411,27,0,0,0,"5,620,388","2,380,986",3. Mixed,Hybrid
R1J,GLOUCESTERSHIRE CARE SERVICES NHS TRUST,SOUTH OF ENGLAND COMMISSIONING REGION,SOUTH WEST COMMISSIONING REGION,CARE TRUST,0,0,0,0,0,0,8,0,43,1,52,27,7,0,Yes,No,No,"69,759","2,456,884","143,594",0,"3,708,909",0,"312,810","269,371",4,0,0,0,0,"40,702",0,0,0,0,"145,033",0,4,33,8,1,9,0,0,0,0,"671,496","50,000",3. Mixed,Hybrid
R1K,LONDON NORTH WEST HEALTHCARE NHS TRUST,LONDON COMMISSIONING REGION,LONDON COMMISSIONING REGION,ACUTE - LARGE,3,0,3,0,0,0,2,0,29,1,38,1,8,1,Yes,Yes,Yes,0,"11,314,695",0,"1,510,000","8,548,021","1,256,673","2,976,257",0,0,"668,678","889,417","327,596","1,580,758","210,081","69,066","1,500,844","804,294","49,619","13,524,340",5,577,29,21,5,286,6,0,0,0,"4,069,380","366,578",3. Mixed,Hybrid
R1L,ESSEX PARTNERSHIP UNIVERSITY NHS FOUNDATION TRUST,MIDLANDS AND EAST OF ENGLAND COMMISSIONING REGION,EAST OF ENGLAND COMMISSIONING REGION,ACUTE - MULTI-SERVICE,0,0,13,14,3,2,5,16,93,23,169,15,35,12,Yes,No,No,0,"4,328,125",0,"829,683","4,328,125",0,"716,872","168,002",8,0,0,0,0,"88,809",0,0,0,0,"3,311,447",4,31,19,0,6,30,30,0,0,0,"377,500","301,580",3. Mixed,Internal
RA2,ROYAL SURREY COUNTY HOSPITAL NHS FOUNDATION TRUST,SOUTH OF ENGLAND COMMISSIONING REGION,SOUTH EAST COMMISSIONING REGION,ACUTE - MEDIUM,1,0,0,0,0,0,2,0,4,2,9,0,6,1,Yes,Yes,Yes,"1,293,602","4,953,608","1,356,961",0,0,"1,526,754","1,048,707",0,0,"1,094,418",0,0,0,"33,712",0,"1,099,148","447,115",0,"404,719",12,51,364,2,0,14,5,0,0,0,"936,232","186,258",3. Mixed,Hybrid
RA3,WESTON AREA HEALTH NHS TRUST,SOUTH OF ENGLAND COMMISSIONING REGION,SOUTH WEST COMMISSIONING REGION,ACUTE - SMALL,1,0,0,0,0,0,0,0,1,0,2,0,0,0,Yes,Yes,Yes,0,"1,961,278","28,134",0,0,"405,007","290,144","71,969",3,"91,810","34,420",245,0,"248,045","3,129","387,863","130,631",0,"663,329",3,145,0,0,0,31,17,0,0,0,"109,621","20,159",3. Mixed,Hybrid
RA4,YEOVIL DISTRICT HOSPITAL NHS FOUNDATION TRUST,SOUTH OF ENGLAND COMMISSIONING REGION,SOUTH WEST COMMISSIONING REGION,ACUTE - SMALL,1,0,0,0,0,0,0,0,0,0,1,0,0,0,Yes,No,No,0,"3,149,233","322,058",0,"2,608,717","611,858","1,499,483",0,0,"43,759",0,0,"9,519","2,340,136",0,"918,456","226,929",0,"53,673",5,1,0,0,0,19,0,0,0,0,"644,998","55,717",3. Mixed,Internal
RA7,UNIVERSITY HOSPITALS BRISTOL NHS FOUNDATION TRUST,SOUTH OF ENGLAND COMMISSIONING REGION,SOUTH WEST COMMISSIONING REGION,ACUTE - TEACHING,1,0,0,0,0,0,1,0,1,0,3,0,0,0,Yes,Yes,Yes,0,"9,323,000","521,000",0,"9,190,000","654,000","1,935,000","37,913",4,"397,707","545,565","26,590","273,810",0,0,"668,043","354,138",0,"1,521,424",9,28,1,60,3,44,30,0,0,0,"368,756","80,969",2. Electronic,Internal
RA9,TORBAY AND SOUTH DEVON HEALTH CARE NHS FOUNDATION TRUST,SOUTH OF ENGLAND COMMISSIONING REGION,SOUTH WEST COMMISSIONING REGION,ACUTE - MEDIUM,1,0,0,0,1,0,4,0,25,8,39,10,1,2,Yes,Yes,Yes,"142,007","1,566,882","68,390","280,260",0,0,"1,812,777","139,900",5,"181,221","7,755","8,260",0,"498,723",0,"1,058,371","390,001",0,"619,595",7,26,86,2,1,106,6,0,0,0,"1,227,210","15,350",3. Mixed,Internal
RAE,BRADFORD TEACHING HOSPITALS NHS FOUNDATION TRUST,NORTH OF ENGLAND COMMISSIONING REGION,NORTH EAST AND YORKSHIRE COMMISSIONING REGION,ACUTE - TEACHING,1,0,1,0,0,0,3,0,10,2,17,4,9,1,Yes,Yes,Yes,0,"4,101,000","24,000",0,"4,125,000",0,"4,929,296","67,000",1,"402,763","20,076",0,0,"97,852","74,299","888,801","570,368",0,"313,374",4,36,37,2,1,147,4,0,0,0,"1,024,371","24,097",3. Mixed,Internal
RAJ,SOUTHEND UNIVERSITY HOSPITAL NHS FOUNDATION TRUST,MIDLANDS AND EAST OF ENGLAND COMMISSIONING REGION,EAST OF ENGLAND COMMISSIONING REGION,ACUTE - MEDIUM,1,0,0,0,0,0,0,0,9,3,13,13,5,0,No,Yes,Yes,"3,160,328","8,055,041","176,074",0,"11,391,443",0,"3,348,835","4,722",0,"58,552","30,701","2,533",0,0,0,"1,535,551","150,799",0,"1,533,941",5,222,2,0,1,95,1,0,0,0,"1,240,256","25,789",3. Mixed,Internal
RAL,ROYAL FREE LONDON NHS FOUNDATION TRUST,LONDON COMMISSIONING REGION,LONDON COMMISSIONING REGION,ACUTE - TEACHING,3,0,0,0,0,0,1,0,65,2,71,50,1,0,Yes,Yes,No,"29,627,000","10,595,000","3,175,000",0,0,"1,473,000","10,200,000",0,0,"619,498","1,145,016",0,0,"2,039,379",0,"1,701,650","599,866",0,"6,055,811",50,550,0,0,3,122,222,0,0,0,"2,004,591","318,389",3. Mixed,Hybrid
RAN,ROYAL NATIONAL ORTHOPAEDIC HOSPITAL NHS TRUST,LONDON COMMISSIONING REGION,LONDON COMMISSIONING REGION,ACUTE - SPECIALIST,0,2,0,0,0,0,0,0,0,0,2,0,0,0,Yes,No,Yes,"12,304,821","1,475,756","2,060,668",0,"15,842,245","1,166,000","1,021,123","615,000",3,0,0,0,0,"137,000",0,0,0,0,0,0,0,68,137,2,34,1,0,0,0,"316,180","150,343",3. Mixed,Hybrid
RAP,NORTH MIDDLESEX UNIVERSITY HOSPITAL NHS TRUST,LONDON COMMISSIONING REGION,LONDON COMMISSIONING REGION,ACUTE - SMALL,1,0,0,0,0,0,0,0,11,0,12,9,0,0,No,No,Yes,0,"8,002,167","3,584,514",0,"11,531,291","55,390","1,061,000",0,0,0,"79,026",0,0,0,0,"758,863","212,241",0,"487,160",2,223,10,0,3,86,0,0,0,0,"1,291,587","204,986",3. Mixed,Hybrid
RAS,THE HILLINGDON HOSPITALS NHS FOUNDATION TRUST,LONDON COMMISSIONING REGION,LONDON COMMISSIONING REGION,ACUTE - SMALL,2,0,0,0,0,0,0,0,0,0,2,0,0,0,No,No,Yes,0,"6,893,374",0,0,"6,906,000",0,"2,466,871",0,0,"94,562","1,196,356","96,906","757,049","465,899","35,461","1,545,357","407,604","282,404","2,046,574",7,0,1,29,3,34,2,0,0,0,"766,394","412,553",1. Paper,Internal
RAT,NORTH EAST LONDON NHS FOUNDATION TRUST,LONDON COMMISSIONING REGION,LONDON COMMISSIONING REGION,MENTAL HEALTH AND LEARNING DISABILITY,0,0,9,34,7,0,4,0,137,19,210,17,26,12,Yes,Yes,No,"7,000,000","6,440,000",0,0,0,0,"823,000",0,0,0,0,0,0,0,0,0,0,0,"68,188",27,139,138,121,8,12,10,0,0,0,0,"117,469",3. Mixed,Internal
RAX,KINGSTON HOSPITAL NHS FOUNDATION TRUST,LONDON COMMISSIONING REGION,LONDON COMMISSIONING REGION,ACUTE - SMALL,1,0,0,0,0,0,0,0,10,0,11,10,0,0,Yes,Yes,No,"824,933","12,856,504","4,826,000",0,0,"1,718,585","1,833,234",0,0,"77,528","73,959",0,0,"31,156",0,"999,869","301,482",0,"955,080",3,2,1,0,1,66,38,0,0,0,"1,792,128","210,692",3. Mixed,Internal
RBA,TAUNTON AND SOMERSET NHS FOUNDATION TRUST,SOUTH OF ENGLAND COMMISSIONING REGION,SOUTH WEST COMMISSIONING REGION,ACUTE - MEDIUM,1,0,0,0,0,0,0,0,1,1,3,0,0,0,Yes,No,No,"724,663","2,276,510","3,002,207","2,466,634","1,768,634","794,760","1,905,818",0,0,"301,554","90,837","8,391","12,296","121,328","3,213","2,066,180","548,066",0,"2,629,574",5,24,24,2,2,31,19,0,0,0,"37,725","622,602",3. Mixed,Internal
RBD,DORSET COUNTY HOSPITAL NHS FOUNDATION TRUST,SOUTH OF ENGLAND COMMISSIONING REGION,SOUTH WEST COMMISSIONING REGION,ACUTE - SMALL,1,0,0,0,0,0,0,0,4,4,9,0,0,0,Yes,No,Yes,"1,039,815","4,431,564","604,729",0,0,"398,125","340,493","2,749,440",1,"90,521","46,380",0,164,"530,185","16,275","345,147","330,080",0,"457,399",0,86,24,3,5,24,0,0,0,0,"632,460","45,771",3. Mixed,Hybrid
RBK,WALSALL HEALTHCARE NHS TRUST,MIDLANDS AND EAST OF ENGLAND COMMISSIONING REGION,MIDLANDS COMMISSIONING REGION,ACUTE - MEDIUM,1,0,0,0,0,0,0,0,18,0,19,0,16,0,Yes,No,Yes,"6,445,619","4,754,261","550,621","801,212","7,534,000",0,"5,592,336",0,0,0,"11,286",0,0,0,0,"1,113,137","466,332",0,0,8,5,3,54,1,44,0,0,0,0,"1,176,797","301,171",3. Mixed,Hybrid
RBL,WIRRAL UNIVERSITY TEACHING HOSPITAL NHS FOUNDATION TRUST,NORTH OF ENGLAND COMMISSIONING REGION,NORTH WEST COMMISSIONING REGION,ACUTE - TEACHING,1,0,0,0,0,0,1,0,0,0,2,0,0,0,No,Yes,Yes,0,"4,271,832","414,727",0,"4,648,024","38,535","1,826,835",0,0,"73,136","1,034,867","97,358","749,182","1,657,209","129,878","960,396","544,893","298,516","1,305,349",10,31,5,26,2,32,29,0,0,0,"933,183","49,120",3. Mixed,Internal
RBN,ST HELENS AND KNOWSLEY TEACHING HOSPITALS NHS TRUST,NORTH OF ENGLAND COMMISSIONING REGION,NORTH WEST COMMISSIONING REGION,ACUTE - MEDIUM,2,0,0,0,0,0,1,0,0,0,3,0,0,0,Yes,Yes,Yes,0,"3,252,509",0,0,0,0,0,"2,148,942",1,0,0,0,0,0,0,"1,365,576","886,354",0,0,5,23,0,0,1,53,1,0,0,0,"260,781","15,686",3. Mixed,Internal
RBQ,LIVERPOOL HEART AND CHEST NHS FOUNDATION TRUST,NORTH OF ENGLAND COMMISSIONING REGION,NORTH WEST COMMISSIONING REGION,ACUTE - SPECIALIST,0,1,0,0,0,0,0,0,0,0,1,0,0,0,Yes,Yes,Yes,0,"4,651,000",0,0,0,0,"1,860,000",0,0,"25,000",0,0,"24,747",0,0,0,"219,366","23,200","67,355",2,45,18,3,0,39,0,0,0,0,"329,659","36,672",3. Mixed,Internal
RBS,ALDER HEY CHILDRENS NHS FOUNDATION TRUST,NORTH OF ENGLAND COMMISSIONING REGION,NORTH WEST COMMISSIONING REGION,ACUTE - SPECIALIST,0,0,1,0,1,0,0,0,0,0,2,0,0,0,Yes,No,Yes,"4,074,579","1,091,384",0,0,"2,232,243","107,336","345,201",0,0,0,0,0,0,"924,257",0,"752,595","461,268",0,"837,890",2,0,13,0,6,43,0,0,0,0,"908,371",70,3. Mixed,Internal
RBT,THE MID CHESHIRE HOSPITALS NHS FOUNDATION TRUST,NORTH OF ENGLAND COMMISSIONING REGION,NORTH WEST COMMISSIONING REGION,ACUTE - SMALL,1,0,0,0,0,0,0,1,16,0,18,4,16,0,Yes,Yes,Yes,"214,000","5,456,000","517,000","218,000","5,763,000","206,000","1,500,000",0,0,0,"127,142","7,891","7,314","1,110,444","1,161,991","1,155,982","543,323","3,207","1,151,179",0,0,3,0,1,14,33,0,0,0,"619,277","192,000",3. Mixed,Internal
RBV,THE CHRISTIE NHS FOUNDATION TRUST,NORTH OF ENGLAND COMMISSIONING REGION,NORTH WEST COMMISSIONING REGION,ACUTE - SPECIALIST,0,1,0,0,0,0,0,0,0,0,1,0,0,0,Yes,Yes,Yes,"16,945,650","1,045,504","624,280",0,"1,559,280","3,023,154","467,332",0,0,"189,439","19,872",0,0,"760,434",0,"269,549","138,331","9,142","1,268,704",2,2,12,0,1,0,41,0,0,0,"165,011","53,599",3. Mixed,Hybrid
RBZ,NORTHERN DEVON HEALTHCARE NHS TRUST,SOUTH OF ENGLAND COMMISSIONING REGION,SOUTH WEST COMMISSIONING REGION,ACUTE - SMALL,1,0,0,0,0,0,1,0,29,8,39,25,7,6,Yes,Yes,No,"355,080","831,393","340,740",0,"1,408,653","118,560","444,542",0,0,0,"91,621","44,871","359,935","142,211",871,"526,715","148,888","111,430","353,622",2,15,18,11,4,9,17,0,0,0,"88,924","6,360",3. Mixed,Internal
RC1,BEDFORD HOSPITAL NHS TRUST,MIDLANDS AND EAST OF ENGLAND COMMISSIONING REGION,EAST OF ENGLAND COMMISSIONING REGION,ACUTE - SMALL,1,0,0,0,0,0,0,0,1,1,3,0,0,0,Yes,No,Yes,0,"3,972,763","1,018,554",0,"3,935,500","259,564","1,400,000","12,566",1,0,"47,323","30,000","59,291","1,329,626",0,"1,007,338","671,559",0,"929,139",0,36,0,0,3,1,35,0,1,0,"1,168,062","48,249",1. Paper,Internal
RC9,LUTON AND DUNSTABLE UNIVERSITY HOSPITAL NHS FOUNDATION TRUST,MIDLANDS AND EAST OF ENGLAND COMMISSIONING REGION,EAST OF ENGLAND COMMISSIONING REGION,ACUTE - MEDIUM,1,0,0,0,0,0,0,0,0,0,1,0,0,0,Yes,Yes,Yes,"4,584,037","4,069,343","1,667,205",0,0,0,"1,450,005",0,0,"70,307","211,483",0,0,0,0,"1,471,009","282,128",0,"29,443",6,0,0,0,0,56,8,0,0,0,0,"204,092",3. Mixed,Hybrid
RCB,YORK TEACHING HOSPITAL NHS FOUNDATION TRUST,NORTH OF ENGLAND COMMISSIONING REGION,NORTH EAST AND YORKSHIRE COMMISSIONING REGION,ACUTE - TEACHING,3,0,0,1,0,0,5,0,15,11,35,12,12,6,Yes,No,Yes,"7,579,863","3,876,070","943,852",0,0,"128,000","2,780,547","18,636",1,"100,002","134,156","36,587","90,605","1,263,023","58,871","1,871,604","215,651",0,"2,223,198",14,669,0,0,0,44,59,0,0,0,"2,130,891","129,729",3. Mixed,Internal
RCD,HARROGATE AND DISTRICT NHS FOUNDATION TRUST,NORTH OF ENGLAND COMMISSIONING REGION,NORTH EAST AND YORKSHIRE COMMISSIONING REGION,ACUTE - SMALL,1,0,0,0,0,0,1,1,112,74,189,153,31,0,Yes,Yes,Yes,"3,851,111","777,783","107,536",0,0,0,"239,514",0,0,"40,314","143,270","34,165","129,222","921,158","16,550","631,068","157,767","25,295","290,389",7,0,127,5,0,24,36,0,0,0,"285,234","100,139",3. Mixed,Internal
RCF,AIREDALE NHS FOUNDATION TRUST,NORTH OF ENGLAND COMMISSIONING REGION,NORTH EAST AND YORKSHIRE COMMISSIONING REGION,ACUTE - SMALL,1,0,0,0,0,0,0,0,0,0,1,0,0,0,Yes,Yes,Yes,"919,563","883,540","372,227",0,0,0,"526,540","31,500",1,"49,788","30,682","11,917","22,473",13,"58,821","937,877","482,634","51,581","1,713,995",2,10,0,0,2,41,0,0,0,0,"509,991",0,3. Mixed,Internal
RCU,SHEFFIELD CHILDRENS NHS FOUNDATION TRUST,NORTH OF ENGLAND COMMISSIONING REGION,NORTH EAST AND YORKSHIRE COMMISSIONING REGION,ACUTE - SPECIALIST,0,1,0,1,0,0,1,0,5,28,36,16,2,0,Yes,Yes,Yes,"723,000","1,744,000",0,0,"2,433,000","34,000","606,006",0,0,"220,000",0,0,0,"444,823",0,"14,945","12,776",0,0,1,0,0,0,0,15,5,0,0,0,"631,307",0,3. Mixed,Internal
RCX,THE QUEEN ELIZABETH HOSPITAL KING'S LYNN NHS FOUNDATION TRUST,MIDLANDS AND EAST OF ENGLAND COMMISSIONING REGION,EAST OF ENGLAND COMMISSIONING REGION,ACUTE - SMALL,1,0,0,0,0,0,0,0,2,0,3,2,0,0,Yes,No,Yes,0,"2,038,687","1,274,254",0,0,"154,995","705,259","796,913",4,"50,059","127,709","10,643","26,519","656,554","52,658","1,166,873","490,395","7,793",0,5,10,4,50,4,29,1,0,0,0,"487,179","27,425",3. Mixed,Internal
RD1,ROYAL UNITED HOSPITALS BATH NHS FOUNDATION TRUST,SOUTH OF ENGLAND COMMISSIONING REGION,SOUTH WEST COMMISSIONING REGION,ACUTE - MEDIUM,1,1,0,0,0,0,2,0,8,2,14,6,5,0,Yes,No,Yes,"20,590,951","4,071,048","161,053",0,"19,626,794","1,733,980","3,462,278","1,548,245",3,0,"285,013","19,445","22,279","2,092,851","62,111","1,464,322","443,271",0,"655,149",5,78,11,12,4,35,20,0,0,0,"808,715","198,298",3. Mixed,Hybrid
RD3,POOLE HOSPITAL NHS FOUNDATION TRUST,SOUTH OF ENGLAND COMMISSIONING REGION,SOUTH WEST COMMISSIONING REGION,ACUTE - SMALL,1,0,0,0,0,0,0,0,0,0,1,0,0,0,No,No,Yes,"1,149,769","4,181,414","682,089",0,0,0,"1,383,188",0,0,"155,000","92,292","5,147",0,"713,002",0,"741,759","467,882",0,"861,382",1,17,2,2,1,17,1,0,0,0,"715,854","295,005",2. Electronic,Internal
RD8,MILTON KEYNES HOSPITAL NHS FOUNDATION TRUST,MIDLANDS AND EAST OF ENGLAND COMMISSIONING REGION,EAST OF ENGLAND COMMISSIONING REGION,ACUTE - SMALL,1,0,0,0,0,0,0,0,1,1,3,1,0,0,Yes,Yes,Yes,"4,151,464","1,593,147","93,219",0,0,0,"719,551",0,0,"92,369","206,054","29,676","61,589","708,326","10,402","1,094,990","520,399","25,814","1,072,387",5,84,1,12,1,39,48,0,0,0,"659,853","14,547",3. Mixed,Internal
RDD,BASILDON AND THURROCK UNIVERSITY HOSPITALS NHS FOUNDATION TRUST,MIDLANDS AND EAST OF ENGLAND COMMISSIONING REGION,EAST OF ENGLAND COMMISSIONING REGION,ACUTE - MEDIUM,1,0,0,0,0,0,1,0,2,0,4,3,1,0,No,Yes,Yes,0,"3,059,300",0,0,"3,059,300",0,"845,200","522,000",3,"142,015",0,"5,594","229,800","1,664,861","663,186","2,163,231","544,000","19,843","2,336,548",3,80,0,0,1,2,86,0,0,0,"1,002,022","60,770",3. Mixed,Internal
RDE,EAST SUFFOLK AND NORTH ESSEX NHS FOUNDATION TRUST,MIDLANDS AND EAST OF ENGLAND COMMISSIONING REGION,EAST OF ENGLAND COMMISSIONING REGION,ACUTE - MEDIUM,2,0,0,0,0,0,3,0,16,0,21,0,16,0,No,No,Yes,"876,000","1,778,000","110,000","604,000",0,"499,000","3,141,000","412,994",14,"50,214","270,007","8,563","61,042","1,270,157",0,"2,317,173","621,012",0,"1,722,548",4,176,186,21,3,83,117,0,0,0,"2,222,158","150,501",3. Mixed,Hybrid
RDR,SUSSEX COMMUNITY NHS FOUNDATION TRUST,SOUTH OF ENGLAND COMMISSIONING REGION,SOUTH EAST COMMISSIONING REGION,COMMUNITY,0,0,1,0,0,0,10,2,66,5,84,36,38,8,Yes,Yes,Yes,0,"660,000","69,000",0,0,0,"388,000","27,922",8,0,"5,501","28,000","323,893","161,890","50,853","6,317","21,408",0,"5,814,600",2,64,5,0,1,10,16,0,0,0,"322,130","89,227",3. Mixed,Hybrid
RDU,FRIMLEY HEALTH NHS FOUNDATION TRUST,SOUTH OF ENGLAND COMMISSIONING REGION,SOUTH EAST COMMISSIONING REGION,ACUTE - MEDIUM,3,0,0,0,0,0,2,0,4,6,15,12,5,0,Yes,Yes,Yes,"35,264,651","20,354,583","368,611","13,510",0,0,"9,512,632","5,816,202",3,0,"62,284",0,"136,787","3,234,031",0,"3,974,747","1,172,463","9,626","2,391,620",21,0,9,95,1,238,9,0,0,0,"2,931,724","423,867",3. Mixed,Internal
RDY,DORSET HEALTHCARE NHS FOUNDATION TRUST,SOUTH OF ENGLAND COMMISSIONING REGION,SOUTH WEST COMMISSIONING REGION,MENTAL HEALTH AND LEARNING DISABILITY,0,0,0,1,0,8,11,0,32,6,58,207,4,0,No,Yes,Yes,"855,392","2,691,040","868,372",0,0,"191,904","2,759,589","61,180",4,0,0,0,0,"217,699",0,"30,752",0,0,"17,365",1,0,0,0,6,74,7,0,0,0,"257,000","70,899",3. Mixed,Internal
RDZ,THE ROYAL BOURNEMOUTH AND CHRISTCHURCH HOSPITALS NHS FOUNDATION TRUST,SOUTH OF ENGLAND COMMISSIONING REGION,SOUTH WEST COMMISSIONING REGION,ACUTE - MEDIUM,1,0,0,0,0,0,0,1,0,1,3,0,0,0,Yes,No,No,"118,094","4,017,988","17,436",0,0,0,"498,813",0,0,"335,796","247,676","34,378",0,"997,341",0,"1,273,662","666,051",0,"1,112,444",3,25,1,5,6,8,12,0,0,0,"718,214","322,257",3. Mixed,Hybrid
RE9,SOUTH TYNESIDE NHS FOUNDATION TRUST,NORTH OF ENGLAND COMMISSIONING REGION,NORTH EAST AND YORKSHIRE COMMISSIONING REGION,ACUTE - SMALL,1,0,0,1,0,1,0,3,31,3,40,13,35,0,No,Yes,Yes,"5,304,032","696,814","34,730",0,"6,022,683","12,893",0,"5,304,732",2,0,"53,710","16,826","53,892","792,110","21,636","386,510","209,904","28,787","744,044",0,23,3,4,1,4,35,0,0,0,"121,232","294,552",3. Mixed,Internal
REF,ROYAL CORNWALL HOSPITALS NHS TRUST,SOUTH OF ENGLAND COMMISSIONING REGION,SOUTH WEST COMMISSIONING REGION,ACUTE - LARGE,3,0,0,0,0,0,0,0,3,2,8,2,2,0,Yes,Yes,Yes,0,"5,427,000","25,000",0,0,0,"4,805,000",0,0,"110,889","5,549",0,"6,327","1,062,457","1,728","764,735","236,532",0,"659,386",5,28,55,17,4,14,196,0,0,0,"1,951,752","238,065",3. Mixed,Internal
REM,AINTREE UNIVERSITY HOSPITAL NHS FOUNDATION TRUST,NORTH OF ENGLAND COMMISSIONING REGION,NORTH WEST COMMISSIONING REGION,ACUTE - MEDIUM,1,0,0,0,0,0,0,0,1,0,2,1,0,4,No,Yes,No,0,"4,244,208",0,0,0,"6,200","840,000","38,500",1,0,"1,257,184","17,889","209,444","88,347","241,668","1,707,992","1,090,982","52,537","4,459,509",7,234,0,0,1,125,31,0,0,0,"75,888","56,657",3. Mixed,Hybrid
REN,CLATTERBRIDGE CANCER CENTRE NHS FOUNDATION TRUST,NORTH OF ENGLAND COMMISSIONING REGION,NORTH WEST COMMISSIONING REGION,ACUTE - SPECIALIST,0,2,0,0,0,0,0,0,0,0,2,0,0,0,Yes,No,No,"64,701,000","224,000","8,638",0,"73,562",0,"210,000",0,0,0,0,0,0,0,0,0,"132,154",0,0,2,1,0,0,0,6,0,0,0,0,"50,888","54,089",3. Mixed,Internal
REP,LIVERPOOL WOMEN'S NHS FOUNDATION TRUST,NORTH OF ENGLAND COMMISSIONING REGION,NORTH WEST COMMISSIONING REGION,ACUTE - SPECIALIST,0,1,0,0,0,0,0,0,1,0,2,1,0,0,No,No,Yes,"3,818,481","566,964","27,530",0,0,0,"381,911",0,0,"78,000",0,0,0,0,0,"333,858","183,066",0,"174,782",1,0,0,1,1,17,0,0,0,0,"485,680","195,520",1. Paper,Internal
RET,WALTON CENTRE NHS FOUNDATION TRUST,NORTH OF ENGLAND COMMISSIONING REGION,NORTH WEST COMMISSIONING REGION,ACUTE - SPECIALIST,0,2,0,0,0,0,0,0,0,0,2,0,0,0,Yes,Yes,Yes,0,"1,290,948",0,0,0,"46,836","1,165,000","10,573",1,"736,000",0,0,0,"21,000",0,"104,000","14,000",0,0,0,91,2,0,1,34,8,0,0,0,"53,168","16,772",3. Mixed,Hybrid
RF4,"BARKING, HAVERING AND REDBRIDGE UNIVERSITY HOSPITALS NHS TRUST",LONDON COMMISSIONING REGION,LONDON COMMISSIONING REGION,ACUTE - LARGE,2,0,0,0,0,0,0,0,10,4,16,0,6,0,No,Yes,Yes,0,"3,479,263","2,757,143","9,294,213","6,156,273","80,132","247,855","5,557",9,0,0,0,0,0,0,"1,881,149","822,668",0,"2,964,124",3,0,84,19,1,130,10,0,0,0,"1,536,052","194,583",1. Paper,Internal
RFF,BARNSLEY HOSPITAL NHS FOUNDATION TRUST,NORTH OF ENGLAND COMMISSIONING REGION,NORTH EAST AND YORKSHIRE COMMISSIONING REGION,ACUTE - SMALL,1,0,0,0,0,0,0,0,0,0,1,0,0,0,Yes,No,Yes,0,"5,092,856","79,248",0,0,"15,400","1,920,905","91,057",6,"146,604","79,253","2,248","38,825","10,949","21,300","1,206,179","254,677",609,"509,128",4,3,4,205,2,34,10,0,0,0,"834,917","20,173",1. Paper,Internal
RFR,THE ROTHERHAM NHS FOUNDATION TRUST,NORTH OF ENGLAND COMMISSIONING REGION,NORTH EAST AND YORKSHIRE COMMISSIONING REGION,ACUTE - MEDIUM,1,0,0,0,0,0,1,0,13,2,17,3,11,118,Yes,No,Yes,0,"3,196,156","1,204,606",0,0,0,"847,662",0,0,"428,280","118,457","3,108","23,917",0,14,"758,265","434,745","7,142","582,140",0,0,0,0,2,47,0,0,0,0,"1,263,912","55,908",3. Mixed,Hybrid
RFS,CHESTERFIELD ROYAL HOSPITAL NHS FOUNDATION TRUST,MIDLANDS AND EAST OF ENGLAND COMMISSIONING REGION,MIDLANDS COMMISSIONING REGION,ACUTE - SMALL,1,0,0,0,0,0,0,0,0,0,1,0,0,0,No,Yes,Yes,"32,790","7,242,625","59,005",0,0,0,"251,558","10,000",2,"3,900","166,346","41,366","31,314","379,962","9,466","1,012,473","698,003","5,465","2,924,066",8,0,0,0,0,91,15,0,0,0,"1,046,718","49,255",3. Mixed,Internal
RGD,LEEDS AND YORK  PARTNERSHIP NHS FOUNDATION TRUST,NORTH OF ENGLAND COMMISSIONING REGION,NORTH EAST AND YORKSHIRE COMMISSIONING REGION,MENTAL HEALTH AND LEARNING DISABILITY,0,0,0,21,2,2,0,0,0,4,29,6,3,0,Yes,Yes,Yes,"53,218","2,314,538","10,808","185,230",0,0,"141,966",0,0,0,0,0,0,0,0,0,0,0,"1,069,165",13,3,12,63,10,33,3,0,0,0,"369,117","82,890",3. Mixed,Internal
RGM,ROYAL PAPWORTH HOSPITAL NHS FOUNDATION TRUST,MIDLANDS AND EAST OF ENGLAND COMMISSIONING REGION,EAST OF ENGLAND COMMISSIONING REGION,ACUTE - SPECIALIST,0,1,0,0,0,0,0,0,0,2,3,0,0,0,Yes,No,No,"239,411","213,602","97,580",0,0,0,"40,911","24,186",1,0,0,0,0,"34,000",0,"232,092","45,000",0,"279,998",1,65,241,0,0,15,6,0,0,0,"441,907","10,690",3. Mixed,Hybrid
RGN,NORTH WEST ANGLIA NHS FOUNDATION TRUST,MIDLANDS AND EAST OF ENGLAND COMMISSIONING REGION,EAST OF ENGLAND COMMISSIONING REGION,ACUTE - MEDIUM,2,0,0,0,0,0,1,0,3,5,11,3,1,0,Yes,No,Yes,0,"2,813,000","3,000,000","2,884,000","5,813,000",0,0,"20,000",1,"243,407","600,485",0,0,"481,397","65,478","1,580,272","1,222,691","58,315","1,829,010",9,0,18,0,12,64,24,0,0,0,"1,339,494","1,957,776",3. Mixed,Hybrid
RGP,JAMES PAGET UNIVERSITY HOSPITALS NHS FOUNDATION TRUST,MIDLANDS AND EAST OF ENGLAND COMMISSIONING REGION,EAST OF ENGLAND COMMISSIONING REGION,ACUTE - SMALL,1,0,0,0,0,0,0,0,1,0,2,0,0,0,Yes,Yes,Yes,0,"2,160,468","2,093,483","867,389","800,000","265,515","1,142,638",0,0,"77,389","39,961","53,574","11,445","750,331",0,"872,156","352,972",0,"825,389",0,1,0,0,1,17,8,0,0,0,"913,642",0,3. Mixed,Internal
RGR,WEST SUFFOLK NHS FOUNDATION TRUST,MIDLANDS AND EAST OF ENGLAND COMMISSIONING REGION,EAST OF ENGLAND COMMISSIONING REGION,ACUTE - SMALL,1,0,0,0,0,0,1,1,16,3,22,18,10,0,Yes,Yes,Yes,"9,201,532","7,074,248","349,921",0,"31,508,309","711,451","309,384",0,0,"71,060","336,772","81,096","244,668","1,619,208","75,733","1,415,632","405,680","289,753","1,091,107",5,26,5,5,2,63,10,0,0,0,"1,305,402",0,3. Mixed,Internal
RGT,CAMBRIDGE UNIVERSITY HOSPITALS NHS FOUNDATION TRUST,MIDLANDS AND EAST OF ENGLAND COMMISSIONING REGION,EAST OF ENGLAND COMMISSIONING REGION,ACUTE - TEACHING,1,0,0,0,0,0,0,0,27,6,34,22,2,15,Yes,Yes,Yes,"2,196,000","8,864,000","9,197,000",0,0,0,"7,321,000","1,720,835",16,"515,632","6,662,312","126,057","96,899",0,"31,096","28,306","1,162,212","7,000","6,981,543",16,34,4,2,2,101,143,0,0,0,"104,026","23,210",3. Mixed,Internal
RH5,SOMERSET PARTNERSHIP NHS FOUNDATION TRUST,SOUTH OF ENGLAND COMMISSIONING REGION,SOUTH WEST COMMISSIONING REGION,MENTAL HEALTH AND LEARNING DISABILITY,0,0,0,7,0,0,13,0,14,7,41,13,3,0,Yes,Yes,Yes,0,"808,431","103,803",0,"912,234",0,"532,989",0,0,0,0,0,0,"58,800",0,0,"3,120",0,"3,756,738",16,0,0,0,9,34,20,0,0,0,0,"59,963",3. Mixed,Internal
RH8,ROYAL DEVON AND EXETER NHS FOUNDATION TRUST,SOUTH OF ENGLAND COMMISSIONING REGION,SOUTH WEST COMMISSIONING REGION,ACUTE - LARGE,1,0,0,0,0,0,3,0,12,4,20,0,13,0,No,Yes,Yes,"1,341,916","6,057,160","19,998,767",0,"27,324,045","73,798","4,388,440","156,095",7,"105,083","13,270","6,937",100,"2,281,946","2,897,949","1,755,691","362,436",0,"3,413,333",1,25,6,1,3,62,58,0,0,0,"1,696,474",0,3. Mixed,Internal
RHA,NOTTINGHAMSHIRE HEALTHCARE NHS FOUNDATION TRUST,MIDLANDS AND EAST OF ENGLAND COMMISSIONING REGION,MIDLANDS COMMISSIONING REGION,MENTAL HEALTH AND LEARNING DISABILITY,0,0,2,4,0,6,2,4,21,50,89,33,2,0,Yes,Yes,Yes,"1,908,288","8,980,622",0,"74,706","10,754,145",0,"1,278,541","378,984",6,0,"94,231",0,"8,134","533,118",0,0,0,"149,559","3,153,397",3,0,0,0,23,91,67,0,0,0,"66,391","339,073",3. Mixed,Hybrid
RHM,UNIVERSITY HOSPITAL SOUTHAMPTON NHS FOUNDATION TRUST,SOUTH OF ENGLAND COMMISSIONING REGION,SOUTH EAST COMMISSIONING REGION,ACUTE - TEACHING,4,1,0,0,0,0,0,1,3,1,10,3,6,0,Yes,Yes,Yes,"10,653,000","8,975,000","44,000",0,"16,442,444","3,229,556","8,975,556","736,031",6,"66,476","1,717,949","150,691","728,832",0,"17,973","3,014,890","1,327,478","9,186","3,831,377",8,711,2,30,8,211,83,0,1,0,"1,208,096","230,149",3. Mixed,Internal
RHQ,SHEFFIELD TEACHING HOSPITALS NHS FOUNDATION TRUST,NORTH OF ENGLAND COMMISSIONING REGION,NORTH EAST AND YORKSHIRE COMMISSIONING REGION,ACUTE - TEACHING,2,3,0,0,0,0,1,4,12,7,29,7,1,1,Yes,No,Yes,"939,720","13,396,773","203,947",0,"14,365,444","174,996","14,659,844","1,506,467",8,"833,746","1,217,821","46,533","467,036","2,010,432","190,743","2,336,457","1,075,340","39,121","3,896,561",5,79,28,65,1,330,3,0,0,0,"2,884,761","1,044,485",3. Mixed,Hybrid
RHU,PORTSMOUTH HOSPITALS NHS TRUST,SOUTH OF ENGLAND COMMISSIONING REGION,SOUTH EAST COMMISSIONING REGION,ACUTE - LARGE,1,0,0,0,0,0,1,0,20,4,26,9,3,0,No,Yes,No,0,"537,000",0,"4,433,237","2,868,000","251,000",0,0,0,"189,937","111,389","20,956","315,340",0,863,0,"666,753","10,703","1,582,099",8,8,1,0,20,160,42,0,1,0,"1,198,588","337,086",3. Mixed,Internal
RHW,ROYAL BERKSHIRE NHS FOUNDATION TRUST,SOUTH OF ENGLAND COMMISSIONING REGION,SOUTH EAST COMMISSIONING REGION,ACUTE - LARGE,1,0,0,0,0,0,0,0,8,1,10,3,2,0,Yes,No,Yes,"2,404,023","5,776,189","283,176",0,0,"634,004","2,598,373",0,0,"367,501","96,921",0,0,"710,101","37,111","940,448","542,667",0,"459,615",5,176,24,8,0,133,2,0,0,0,"2,130,974","401,618",3. Mixed,Hybrid
RJ1,GUY'S AND ST THOMAS' NHS FOUNDATION TRUST,LONDON COMMISSIONING REGION,LONDON COMMISSIONING REGION,ACUTE - TEACHING,2,0,0,0,0,0,3,0,33,1,39,0,8,0,Yes,Yes,Yes,"36,582,345","8,857,996","9,596,812","1,786,219","49,913,092","3,337,842","8,312,985","2,938,776",1,"1,488,834","5,974,115","2,133,902","1,163,078","2,749,532","1,223","819,872","38,676","342,377","20,617,498",6,0,1,0,2,299,6,0,0,0,"2,172,488","145,150",3. Mixed,Hybrid
RJ2,THE LEWISHAM AND GREENWICH NHS TRUST,LONDON COMMISSIONING REGION,LONDON COMMISSIONING REGION,ACUTE - LARGE,2,0,0,0,0,0,0,0,5,4,11,0,8,0,Yes,No,No,"14,658,826","5,563,171","4,061,970",0,0,0,"3,174,314","440,000",6,"261,661","223,503","45,726","232,903","55,524","97,058","735,793","311,515",0,"4,237,353",3,51,20,5,9,0,184,0,0,0,"2,338,185","529,083",3. Mixed,Hybrid
RJ6,CROYDON HEALTH SERVICES NHS TRUST,LONDON COMMISSIONING REGION,LONDON COMMISSIONING REGION,ACUTE - MEDIUM,1,0,0,0,0,0,0,0,15,1,17,0,7,0,No,Yes,No,"2,089,890","2,091,261","1,869,163",0,0,"750,000","1,786,994",0,0,"82,107","117,446","1,805",0,"609,834","19,100","906,441","244,348",0,"2,862,498",2,0,4,13,1,126,3,0,0,0,"622,471","322,777",3. Mixed,Hybrid
RJ7,ST GEORGE'S UNIVERSITY HOSPITALS NHS FOUNDATION TRUST,LONDON COMMISSIONING REGION,LONDON COMMISSIONING REGION,ACUTE - TEACHING,1,0,0,0,0,0,1,0,20,3,25,30,4,10,Yes,No,No,"5,672,000","1,233,000","10,894,000",0,0,"663,000","7,051,642","139,525",1,"314,071","2,118,302",0,0,0,0,"1,703,364","138,805","44,474","11,371,835",13,182,487,0,0,155,62,0,0,0,"64,000","688,000",3. Mixed,Hybrid
RJ8,CORNWALL PARTNERSHIP NHS FOUNDATION TRUST,SOUTH OF ENGLAND COMMISSIONING REGION,SOUTH WEST COMMISSIONING REGION,MENTAL HEALTH AND LEARNING DISABILITY,0,0,1,1,0,0,9,3,87,28,129,79,22,9,Yes,Yes,Yes,"1,966,000","1,107,000","183,000",0,"3,250,000","34,000","47,000",0,0,0,"83,675","337,024","303,583","18,495","5,756",0,0,"63,171","2,195,037",4,0,3,29,12,15,8,0,3,0,"12,933","107,332",3. Mixed,Internal
RJC,SOUTH WARWICKSHIRE NHS FOUNDATION TRUST,MIDLANDS AND EAST OF ENGLAND COMMISSIONING REGION,MIDLANDS COMMISSIONING REGION,ACUTE - SMALL,2,0,0,0,0,0,2,0,86,35,125,60,21,5,No,No,Yes,"645,000","4,113,976","127,044",0,"4,070,020","816,000","436,362","27,471",4,"89,735","56,157",0,0,"416,924","14,815","1,026,401","437,467",0,"1,121,564",2,12,35,1,3,32,0,0,0,0,"986,919","40,416",3. Mixed,Hybrid
RJE,UNIVERSITY HOSPITAL OF NORTH MIDLANDS NHS TRUST,MIDLANDS AND EAST OF ENGLAND COMMISSIONING REGION,MIDLANDS COMMISSIONING REGION,ACUTE - TEACHING,2,0,0,0,0,0,0,0,0,1,3,0,0,0,Yes,Yes,Yes,"10,279,015","2,302,710","2,611,918","1,917,081","16,018,271","385,629","3,512,966",0,0,"239,360","16,493","2,768","9,692",187,"63,306","2,602,208","891,079","8,522","1,471,343",2,129,1,6,4,38,91,0,0,0,"811,518","393,717",3. Mixed,Internal
RJL,NORTHERN LINCOLNSHIRE AND GOOLE NHS FOUNDATION TRUST,NORTH OF ENGLAND COMMISSIONING REGION,NORTH EAST AND YORKSHIRE COMMISSIONING REGION,ACUTE - LARGE,3,0,0,0,0,0,0,0,72,3,78,72,6,64,Yes,Yes,Yes,"10,068,625","8,861,489","148,219",0,0,0,"1,953,247","2,415,887",10,"98,128","103,566",0,0,0,0,"1,738,028","440,921",0,"1,694,793",2,39,9,8,0,167,0,0,0,0,"2,221,269","171,125",3. Mixed,Hybrid
RJN,EAST CHESHIRE NHS TRUST,NORTH OF ENGLAND COMMISSIONING REGION,NORTH WEST COMMISSIONING REGION,ACUTE - SMALL,1,0,0,0,0,0,1,0,65,0,67,58,15,43,Yes,No,No,"15,305","1,690,872",0,0,"1,706,177",0,"372,580",0,0,"61,895","56,995",0,"7,640",0,0,"557,086","237,208",0,"295,642",0,0,0,0,0,20,20,0,0,0,"584,787","21,942",3. Mixed,Hybrid
RJR,COUNTESS OF CHESTER HOSPITAL NHS FOUNDATION TRUST,NORTH OF ENGLAND COMMISSIONING REGION,NORTH WEST COMMISSIONING REGION,ACUTE - SMALL,1,0,0,0,0,0,1,0,0,0,2,0,1,0,Yes,No,No,"2,591,287","856,902",0,0,"3,368,425","79,764","695,456",0,0,0,"374,743","3,421",0,"573,044","17,264","1,023,841","497,428",0,"909,137",8,0,0,0,1,25,27,0,0,0,"75,000","51,275",1. Paper,Internal
RJZ,KING'S COLLEGE HOSPITAL NHS FOUNDATION TRUST,LONDON COMMISSIONING REGION,LONDON COMMISSIONING REGION,ACUTE - TEACHING,3,0,0,0,0,0,0,0,32,2,37,12,11,0,No,Yes,Yes,"7,656,172","9,268,826","12,918,000","3,051,130","24,716,522","1,669,000","299,572","106,774",2,"809,308","1,649,794",0,"364,705",0,0,"1,119,962","510,921",0,"1,403,702",13,1,0,4,3,173,11,0,0,0,"4,239,972","1,042,149",3. Mixed,Internal
RK5,SHERWOOD FOREST HOSPITALS NHS FOUNDATION TRUST,MIDLANDS AND EAST OF ENGLAND COMMISSIONING REGION,MIDLANDS COMMISSIONING REGION,ACUTE - MEDIUM,2,0,0,0,0,0,0,0,0,2,4,0,1,0,Yes,Yes,Yes,0,"2,631,000",0,"241,000",0,"241,000","1,680,450",0,0,0,"166,011",0,0,"6,631","47,776","1,561,899","564,488",0,0,0,0,0,0,0,36,23,0,0,0,"444,868",0,3. Mixed,Internal
RK9,UNIVERSITY HOSPITALS PLYMOUTH NHS TRUST,SOUTH OF ENGLAND COMMISSIONING REGION,SOUTH WEST COMMISSIONING REGION,ACUTE - TEACHING,1,0,0,0,0,0,0,0,2,9,12,2,0,0,Yes,Yes,Yes,"6,418,728","2,707,349","2,721,928",0,"11,833,425","14,579","2,512,065","414,079",2,"620,234",306,"397,182",0,0,0,"1,640,522","880,317",0,"2,355,610",4,32,0,3,2,85,12,0,0,0,"1,272,401","64,000",3. Mixed,Internal
RKB,UNIVERSITY HOSPITALS COVENTRY AND WARWICKSHIRE NHS TRUST,MIDLANDS AND EAST OF ENGLAND COMMISSIONING REGION,MIDLANDS COMMISSIONING REGION,ACUTE - TEACHING,2,0,0,0,0,0,0,0,5,2,9,1,0,0,Yes,Yes,Yes,"107,000","5,313,000","7,066,000","7,147,000","4,506,000","249,000","584,000",0,0,0,"354,983",0,0,"50,989","42,984","4,155,560","1,837,289",0,"1,593,837",3,92,17,27,0,0,66,0,0,0,0,"2,500,000",1. Paper,Extenal
RKE,WHITTINGTON HEALTH NHS TRUST,LONDON COMMISSIONING REGION,LONDON COMMISSIONING REGION,ACUTE - MEDIUM,1,0,0,1,1,0,0,0,46,1,50,17,5,1,Yes,No,No,"631,830","7,353,918",0,0,"6,985,748","1,000,000","2,554,380",0,0,"115,995","15,353",0,0,0,0,0,0,0,0,2,240,0,1,57,1,54,0,0,0,"890,152",0,3. Mixed,Hybrid
RKL,WEST LONDON NHS TRUST,LONDON COMMISSIONING REGION,LONDON COMMISSIONING REGION,MENTAL HEALTH AND LEARNING DISABILITY,0,0,0,64,0,2,0,1,0,1,68,39,6,16,Yes,No,No,"23,534,621","4,766,507","1,687,079",0,"29,988,208",0,"2,368,800",0,0,0,0,0,0,"139,768",0,"52,831",0,0,"1,731,268",0,0,0,78,14,471,0,0,0,0,"54,891","162,224",3. Mixed,Hybrid
RL1,ROBERT JONES AND AGNES HUNT ORTHOPAEDIC HOSPITAL NHS FOUNDATION TRUST,MIDLANDS AND EAST OF ENGLAND COMMISSIONING REGION,MIDLANDS COMMISSIONING REGION,ACUTE - SPECIALIST,0,1,0,0,0,0,0,0,0,0,1,0,0,0,Yes,No,No,"37,231","1,592,665","53,302",0,0,"81,252","793,210","11,138",1,"27,418","7,754","4,967",0,"524,150",0,"341,382","79,888",0,"624,063",1,0,9,6,0,15,10,0,0,0,"196,511","98,515",3. Mixed,Hybrid
RL4,THE ROYAL WOLVERHAMPTON NHS TRUST,MIDLANDS AND EAST OF ENGLAND COMMISSIONING REGION,MIDLANDS COMMISSIONING REGION,ACUTE - LARGE,2,0,0,0,0,0,1,0,15,4,22,1,9,9,Yes,Yes,Yes,"203,502","12,104,664","608,980","12,737",0,0,"2,139,318","84,995",2,"196,981","131,715","131,922","38,788","1,290,123","1,327","1,862,125","787,900",0,"2,481,974",2,0,8,0,6,0,163,0,0,0,"423,567","46,099",3. Mixed,Internal
RLN,CITY HOSPITALS SUNDERLAND NHS FOUNDATION TRUST,NORTH OF ENGLAND COMMISSIONING REGION,NORTH EAST AND YORKSHIRE COMMISSIONING REGION,ACUTE - LARGE,1,1,1,0,0,0,0,0,3,0,6,12,0,0,No,Yes,Yes,"181,000","370,469","63,211",0,0,"82,723","675,000","46,643",3,"98,434",0,0,"7,935","440,511",0,"1,138,582","832,085",0,0,13,52,2,0,10,0,81,0,0,0,"2,251,729","196,006",3. Mixed,Internal
RLQ,WYE VALLEY NHS TRUST,MIDLANDS AND EAST OF ENGLAND COMMISSIONING REGION,MIDLANDS COMMISSIONING REGION,ACUTE - SMALL,1,0,0,0,0,0,3,0,9,5,18,3,3,0,Yes,No,No,"5,919,851","1,470,928","15,799",0,"7,406,578",0,"393,520","56,000",1,"39,361","81,184","9,775",0,0,"30,238","57,902","148,976",0,"120,737",0,15,0,8,3,0,52,0,0,0,"751,939","165,337",3. Mixed,Internal
RLT,GEORGE ELIOT HOSPITAL NHS TRUST,MIDLANDS AND EAST OF ENGLAND COMMISSIONING REGION,MIDLANDS COMMISSIONING REGION,ACUTE - SMALL,1,0,0,0,0,0,0,0,25,1,27,23,11,0,No,Yes,Yes,0,"526,340","40,445",0,"566,785",0,"1,420,835","56,923",1,"49,728","94,898",0,0,"48,163",0,"731,924","212,609",0,"310,126",0,0,0,17,3,90,0,0,0,0,0,"1,537,290",3. Mixed,Internal
RLY,NORTH STAFFORDSHIRE COMBINED HEALTHCARE NHS TRUST,MIDLANDS AND EAST OF ENGLAND COMMISSIONING REGION,MIDLANDS COMMISSIONING REGION,MENTAL HEALTH AND LEARNING DISABILITY,0,0,0,10,2,2,0,0,16,4,34,16,0,15,Yes,No,No,"131,195","900,818","585,793",0,"1,617,806",0,"301,189",0,0,0,0,0,0,0,0,0,0,0,"149,748",0,11,2,0,8,9,2,0,0,0,"58,162",0,3. Mixed,Internal
RM1,NORFOLK AND NORWICH UNIVERSITY HOSPITALS NHS FOUNDATION TRUST,MIDLANDS AND EAST OF ENGLAND COMMISSIONING REGION,EAST OF ENGLAND COMMISSIONING REGION,ACUTE - TEACHING,1,0,1,0,0,0,0,0,6,6,14,4,0,0,Yes,No,No,"1,989,967","1,552,621",0,0,"1,435,786","413,810",0,0,0,0,0,0,0,0,0,"1,897,462","981,269",0,"942,109",5,21,23,0,7,94,16,0,0,0,"424,716","1,802,656",1. Paper,Internal
RM3,SALFORD ROYAL NHS FOUNDATION TRUST,NORTH OF ENGLAND COMMISSIONING REGION,NORTH WEST COMMISSIONING REGION,ACUTE - TEACHING,1,0,0,0,0,0,1,2,13,1,18,13,13,0,No,Yes,Yes,"941,745","3,819,032","110,920",0,"4,871,696",0,"3,432,618",0,0,0,"351,260","23,402","147,070","142,621","3,000","1,067,417","954,793","17,064","1,373,829",0,77,5,0,1,18,24,0,0,0,0,"233,237",3. Mixed,Internal
RMC,BOLTON NHS FOUNDATION TRUST,NORTH OF ENGLAND COMMISSIONING REGION,NORTH WEST COMMISSIONING REGION,ACUTE - MEDIUM,1,0,0,0,0,0,0,2,23,0,26,0,16,6,Yes,Yes,Yes,"6,111,971","6,431,270","120,729",0,"11,126,000",0,"1,135,000",0,0,"185,881","309,462","75,622","203,821","182,670","13,641","993,413","508,587","203,821","502,980",27,327,36,58,0,25,97,0,0,0,"2,043,890","120,452",3. Mixed,Internal
RMP,TAMESIDE HOSPITAL NHS FOUNDATION TRUST,NORTH OF ENGLAND COMMISSIONING REGION,NORTH WEST COMMISSIONING REGION,ACUTE - SMALL,1,0,0,0,0,0,1,0,10,6,18,3,11,3,No,No,No,0,"2,195,000","995,000",0,"1,439,000",0,"605,979",0,0,"25,871","241,925","12,185","38,822","935,708","86,700","579,647","606,550","196,271","77,228",2,20,1,1,1,52,40,0,0,0,"1,018,960","74,018",3. Mixed,Internal
RMY,NORFOLK AND SUFFOLK NHS FOUNDATION TRUST,MIDLANDS AND EAST OF ENGLAND COMMISSIONING REGION,EAST OF ENGLAND COMMISSIONING REGION,MENTAL HEALTH AND LEARNING DISABILITY,0,0,0,11,0,1,0,0,15,13,40,9,4,2,Yes,Yes,Yes,"3,905,076","8,250,592","653,909",0,0,0,"1,111,137",0,0,0,0,320,"48,352",0,0,0,0,0,"1,290,285",35,18,0,10,18,15,7,0,6,0,"231,801",0,3. Mixed,Internal
RN3,GREAT WESTERN HOSPITALS NHS FOUNDATION TRUST,SOUTH OF ENGLAND COMMISSIONING REGION,SOUTH WEST COMMISSIONING REGION,ACUTE - MEDIUM,1,0,0,0,0,0,0,1,9,4,15,5,9,36,Yes,No,Yes,0,"542,805","51,000","1,429,000","835,000",0,0,0,0,"105,344",0,0,0,"131,676","14,460","1,252,245","733,330",0,"1,565,460",12,0,1,0,2,15,18,0,0,0,"957,695","212,265",3. Mixed,Internal
RN5,HAMPSHIRE HOSPITALS NHS FOUNDATION TRUST,SOUTH OF ENGLAND COMMISSIONING REGION,SOUTH EAST COMMISSIONING REGION,ACUTE - LARGE,3,0,0,0,0,0,0,0,6,3,12,4,3,0,Yes,Yes,Yes,"1,139,000","2,539,000","6,513,000",0,0,"2,009,000","1,367,000","245,613",1,"350,555","450,595",0,"13,399","1,569,415","11,100","1,698,974","62,000",0,"266,205",16,6,12,5,1,38,2,0,0,0,"1,948,140","95,172",3. Mixed,Internal
RN7,DARTFORD AND GRAVESHAM NHS TRUST,SOUTH OF ENGLAND COMMISSIONING REGION,SOUTH EAST COMMISSIONING REGION,ACUTE - SMALL,2,0,0,0,0,0,0,1,3,0,6,1,2,0,Yes,No,No,0,"789,000","109,000",0,0,0,0,0,0,0,0,0,0,0,0,"1,062,134","230,037",0,"751,754",3,76,16,0,0,38,3,0,0,0,"1,672,034","71,597",3. Mixed,Hybrid
RNA,THE DUDLEY GROUP NHS FOUNDATION TRUST,MIDLANDS AND EAST OF ENGLAND COMMISSIONING REGION,MIDLANDS COMMISSIONING REGION,ACUTE - MEDIUM,1,0,0,0,0,0,0,0,15,2,18,6,11,0,Yes,No,Yes,0,"2,191,000",0,"1,991,000",0,0,0,0,0,"82,496","105,000",0,0,0,0,"1,066,804","523,939",0,"1,004,477",1,2,2,0,1,22,21,0,0,0,"1,700,002",0,3. Mixed,Internal
RNK,TAVISTOCK AND PORTMAN NHS FOUNDATION TRUST,LONDON COMMISSIONING REGION,LONDON COMMISSIONING REGION,MENTAL HEALTH AND LEARNING DISABILITY,0,0,0,0,0,0,0,0,40,0,40,35,1,18,Yes,Yes,No,"667,000","200,000",0,0,0,0,"7,000","13,085",3,0,0,0,0,0,0,0,"2,284",0,"24,245",0,0,0,0,0,0,0,0,0,0,"25,300",0,3. Mixed,Internal
RNL,NORTH CUMBRIA UNIVERSITY HOSPITALS NHS TRUST,NORTH OF ENGLAND COMMISSIONING REGION,NORTH EAST AND YORKSHIRE COMMISSIONING REGION,ACUTE - SMALL,2,0,0,0,0,0,0,0,0,0,2,0,0,0,Yes,No,Yes,"3,910,333","6,097,695","476,307",0,0,"150,485","73,594",0,0,"12,590",0,0,0,"488,730",0,"225,853","718,769",0,"1,446,543",12,99,13,0,1,26,25,0,0,0,"1,949,686","83,382",1. Paper,Internal
RNN,CUMBRIA PARTNERSHIP NHS FOUNDATION TRUST,NORTH OF ENGLAND COMMISSIONING REGION,NORTH EAST AND YORKSHIRE COMMISSIONING REGION,MENTAL HEALTH AND LEARNING DISABILITY,0,0,3,0,0,1,5,0,28,6,43,0,6,0,Yes,No,Yes,"1,662,000","1,826,000","269,000",0,"3,284,000","473,000","437,853","83,000",7,"16,644",0,0,"26,280","192,722",0,"19,625",0,"13,231","1,412,111",3,3,0,0,6,21,4,0,1,0,"311,305","123,616",3. Mixed,Hybrid
RNQ,KETTERING GENERAL HOSPITAL NHS FOUNDATION TRUST,MIDLANDS AND EAST OF ENGLAND COMMISSIONING REGION,MIDLANDS COMMISSIONING REGION,ACUTE - SMALL,1,0,0,0,0,0,0,0,6,1,8,2,4,0,No,Yes,Yes,"598,242","6,444,800","24,741",0,0,"14,500","3,264,833",0,0,"251,949","12,065",0,"20,038",0,0,"1,451,408","423,342","18,079","57,009",4,0,0,0,0,121,4,0,0,0,0,"1,380,713",3. Mixed,Internal
RNS,NORTHAMPTON GENERAL HOSPITAL NHS TRUST,MIDLANDS AND EAST OF ENGLAND COMMISSIONING REGION,MIDLANDS COMMISSIONING REGION,ACUTE - MEDIUM,1,0,0,0,0,0,0,0,1,0,2,0,1,0,Yes,Yes,Yes,"11,423,731","1,472,318","110,964",0,"538,558","413,620","2,493,491","560,126",1,"63,227","104,618",0,"34,072","1,763,503","41,459","1,398,006","490,106","13,008",0,7,2,14,1,2,58,19,0,0,0,"1,402,861","83,171",3. Mixed,Internal
RNU,OXFORD HEALTH NHS FOUNDATION TRUST,SOUTH OF ENGLAND COMMISSIONING REGION,SOUTH EAST COMMISSIONING REGION,MENTAL HEALTH AND LEARNING DISABILITY,0,0,0,7,0,0,5,0,27,0,39,0,11,0,Yes,No,No,0,"3,846,000",0,0,0,0,"458,850",0,0,0,0,0,0,0,0,"263,569","116,623",0,"1,000,000",2,0,0,0,10,136,12,0,0,0,"171,270","40,000",3. Mixed,Internal
RNZ,SALISBURY NHS FOUNDATION TRUST,SOUTH OF ENGLAND COMMISSIONING REGION,SOUTH WEST COMMISSIONING REGION,ACUTE - SMALL,1,0,0,0,0,0,0,0,6,0,7,0,0,0,Yes,Yes,No,0,"1,542,393","283,036",0,"40,522",0,"804,084",0,0,"100,721","208,553","8,563","15,168","1,064,529",0,"1,130,909","651,014",504,"2,580,798",0,4,0,0,1,73,0,0,0,0,"706,337","29,165",3. Mixed,Internal
RP1,NORTHAMPTONSHIRE HEALTHCARE NHS FOUNDATION TRUST,MIDLANDS AND EAST OF ENGLAND COMMISSIONING REGION,MIDLANDS COMMISSIONING REGION,MENTAL HEALTH AND LEARNING DISABILITY,0,0,5,2,6,0,0,2,16,2,33,6,19,0,Yes,No,Yes,0,"981,000","100,000",0,0,0,"415,000","55,000",3,0,0,"20,122","292,667","365,705",0,0,0,"3,844","402,911",7,124,30,0,12,20,1,0,1,0,0,"8,333",3. Mixed,Hybrid
RP4,GREAT ORMOND STREET HOSPITAL FOR CHILDREN NHS FOUNDATION TRUST,LONDON COMMISSIONING REGION,LONDON COMMISSIONING REGION,ACUTE - SPECIALIST,0,2,0,0,0,0,0,0,0,9,11,0,0,0,No,Yes,Yes,"5,999,641","10,650,069","627,432",0,"7,066,920","10,210,222","2,309,852","271,841",4,0,"87,576",0,0,"1,565,099","17,613",0,0,0,"626,622",1,94,32,1,2,73,10,0,0,0,"1,205,485","1,158",3. Mixed,Internal
RP5,DONCASTER AND BASSETLAW TEACHING HOSPITALS NHS FOUNDATION TRUST,NORTH OF ENGLAND COMMISSIONING REGION,NORTH EAST AND YORKSHIRE COMMISSIONING REGION,ACUTE - TEACHING,3,0,0,0,0,0,0,0,1,0,4,0,1,0,Yes,Yes,Yes,"847,826","4,623,510","5,217,135",0,"209,890","283,768","2,946,222",0,0,"225,653","369,868",0,"125,288","236,145","29,496","929,385","472,478","44,376","595,744",3,17,1,34,4,48,51,0,0,0,"2,031,852","38,495",3. Mixed,Internal
RP6,MOORFIELDS EYE HOSPITAL NHS FOUNDATION TRUST,LONDON COMMISSIONING REGION,LONDON COMMISSIONING REGION,ACUTE - SPECIALIST,0,1,0,0,0,0,1,0,23,2,27,9,2,6,No,No,No,0,"3,778,961","123,160",0,0,0,"1,220,521","20,000",1,"104,370","47,517",0,0,"381,623",0,0,0,0,"404,129",2,265,99,8,0,7,14,0,0,0,"1,643,301","282,912",3. Mixed,Hybrid
RP7,LINCOLNSHIRE PARTNERSHIP NHS FOUNDATION TRUST,MIDLANDS AND EAST OF ENGLAND COMMISSIONING REGION,MIDLANDS COMMISSIONING REGION,MENTAL HEALTH AND LEARNING DISABILITY,0,0,2,25,0,2,0,0,5,22,56,11,2,0,Yes,No,Yes,0,"1,658,125","185,302",0,0,0,"190,740",0,0,0,0,0,0,"51,569",0,0,"6,000",0,"47,757",0,4,2,3,0,33,1,0,0,0,"67,743","103,097",2. Electronic,Hybrid
RPA,MEDWAY NHS FOUNDATION TRUST,SOUTH OF ENGLAND COMMISSIONING REGION,SOUTH EAST COMMISSIONING REGION,ACUTE - MEDIUM,1,0,0,0,0,0,0,0,35,5,41,38,5,13,No,No,Yes,0,"5,430,163","529,371",0,0,0,"2,009,910",0,0,0,"35,663","1,774",0,"1,107,561","134,771","1,749,521","310,211",0,"1,850,467",8,4,2,64,1,247,0,0,0,0,"113,350","1,186,935",3. Mixed,Internal
RPC,QUEEN VICTORIA HOSPITAL NHS FOUNDATION TRUST,SOUTH OF ENGLAND COMMISSIONING REGION,SOUTH EAST COMMISSIONING REGION,ACUTE - SPECIALIST,1,0,0,0,0,0,0,0,0,0,1,0,0,0,No,No,Yes,0,"1,391,000","661,000",0,0,0,"827,000",0,0,0,0,0,0,"186,521",0,"148,798","14,801",0,0,0,0,0,0,11,3,9,0,0,0,"439,245",0,3. Mixed,Internal
RPG,OXLEAS NHS FOUNDATION TRUST,LONDON COMMISSIONING REGION,LONDON COMMISSIONING REGION,MENTAL HEALTH AND LEARNING DISABILITY,0,0,2,3,0,0,2,0,17,2,26,0,4,0,Yes,No,No,0,"8,629,396","248,428",0,0,0,"144,563","536,597",2,0,0,0,0,0,0,0,0,0,0,24,0,1,1,1,4,7,0,0,0,0,0,2. Electronic,Other
RPY,THE ROYAL MARSDEN NHS FOUNDATION TRUST,LONDON COMMISSIONING REGION,LONDON COMMISSIONING REGION,ACUTE - SPECIALIST,0,2,0,0,0,0,0,0,1,0,3,0,3,0,No,Yes,Yes,"4,744,086","2,100,848","1,619,856",0,"5,930,633","2,534,156","1,343,918","48,528",2,"82,121","329,532",0,0,"1,584,946",0,"499,100","147,748",0,"1,986,887",6,2,0,3,1,39,14,0,0,0,"240,854","64,358",3. Mixed,Hybrid
RQ3,BIRMINGHAM WOMEN'S AND CHILDREN'S NHS FOUNDATION TRUST,MIDLANDS AND EAST OF ENGLAND COMMISSIONING REGION,MIDLANDS COMMISSIONING REGION,ACUTE - SPECIALIST,0,2,0,1,0,0,0,0,7,2,12,9,0,0,Yes,No,No,"7,706,172","1,373,263","3,259,438",0,"1,200,000","396,000","1,868,797","7,282,740",5,"70,252",0,0,0,"268,380",0,"104,647","260,778",0,"102,715",7,40,17,74,4,31,18,0,0,0,0,"422,015",3. Mixed,Internal
RQ6,ROYAL LIVERPOOL AND BROADGREEN UNIVERSITY HOSPITALS NHS TRUST,NORTH OF ENGLAND COMMISSIONING REGION,NORTH WEST COMMISSIONING REGION,ACUTE - TEACHING,2,0,0,0,0,0,0,2,1,0,5,0,1,0,Yes,Yes,Yes,"307,337,846","6,400,129","10,172,295","8,036,757","323,910,270","107,567,000","2,290,351","180,000",1,0,"1,575,496","203,917","154,432","182,670","50,352",0,"1,250,249","67,266","1,412,299",0,44,1,42,5,150,0,0,0,0,"1,365,841",0,3. Mixed,Internal
RQ8,MID ESSEX HOSPITAL SERVICES NHS TRUST,MIDLANDS AND EAST OF ENGLAND COMMISSIONING REGION,EAST OF ENGLAND COMMISSIONING REGION,ACUTE - MEDIUM,1,0,0,0,0,0,3,0,0,0,4,1,1,0,No,Yes,Yes,"917,699","2,249,094","108,155","571,292","3,274,948","154,649",0,0,0,"169,769","286,624","28,983","84,836","349,823","15,605","1,377,724","256,794","69,712","612,888",4,98,0,0,1,0,65,0,0,0,"1,357,047","210,000",3. Mixed,Internal
RQM,CHELSEA AND WESTMINSTER HOSPITAL NHS FOUNDATION TRUST,LONDON COMMISSIONING REGION,LONDON COMMISSIONING REGION,ACUTE - TEACHING,2,0,0,0,0,0,0,0,3,4,9,0,0,0,Yes,No,No,"22,778,696","8,647,467","5,643,443","1,196,000","29,806,312","6,067,294",0,0,0,"257,974","264,109","79,881","230,426",0,0,"1,881,888","404,833","72,150","3,505,033",2,39,92,38,0,243,15,0,0,0,"3,130,093","311,186",3. Mixed,Hybrid
RQW,THE PRINCESS ALEXANDRA HOSPITAL NHS TRUST,MIDLANDS AND EAST OF ENGLAND COMMISSIONING REGION,EAST OF ENGLAND COMMISSIONING REGION,ACUTE - SMALL,1,0,0,0,0,0,0,0,2,1,4,0,2,0,Yes,No,Yes,"4,751,500","1,672,000","4,273,100",0,"2,767,000","17,000","1,254,000","54,000",2,"126,804","173,472","12,067","148,649","669,239","9,357","810,637","447,870","3,623","318,078",6,127,43,6,0,0,95,0,0,0,"899,377","152,541",3. Mixed,Hybrid
RQX,HOMERTON UNIVERSITY HOSPITAL NHS FOUNDATION TRUST,LONDON COMMISSIONING REGION,LONDON COMMISSIONING REGION,ACUTE - MEDIUM,1,0,0,0,0,0,0,1,22,0,24,2,10,0,Yes,Yes,Yes,0,"3,122,788","4,877,042",0,0,0,"597,691","168,182",3,"186,636","606,009","66,803","942,826","828,847","196,702",0,"135,192","288,770","512,348",2,42,19,0,9,122,0,0,0,0,0,"210,610",3. Mixed,Hybrid
RQY,SOUTH WEST LONDON AND ST GEORGE'S MENTAL HEALTH NHS TRUST,LONDON COMMISSIONING REGION,LONDON COMMISSIONING REGION,MENTAL HEALTH AND LEARNING DISABILITY,0,0,0,20,0,0,0,0,0,0,20,5,5,0,Yes,No,No,"17,299,000","3,317,000",0,0,0,0,"3,454,000",0,0,0,0,0,0,0,0,"156,672","82,230",0,"460,897",0,154,163,3,14,138,4,0,0,0,0,0,2. Electronic,Internal
RR7,GATESHEAD HEALTH NHS FOUNDATION TRUST,NORTH OF ENGLAND COMMISSIONING REGION,NORTH EAST AND YORKSHIRE COMMISSIONING REGION,ACUTE - SMALL,1,0,0,0,0,0,0,0,14,0,15,8,11,0,Yes,No,Yes,0,"1,471,180","1,286,920",0,0,"88,960","462,250","46,310",8,"91,000","176,472","3,815",0,"714,356","24,000","542,428","358,880","21,470","4,879,953",2,114,2,0,2,6,60,0,0,0,"326,281","80,502",1. Paper,Internal
RR8,LEEDS TEACHING HOSPITALS NHS TRUST,NORTH OF ENGLAND COMMISSIONING REGION,NORTH EAST AND YORKSHIRE COMMISSIONING REGION,ACUTE - TEACHING,2,0,1,0,0,0,1,0,9,5,18,29,0,0,Yes,Yes,Yes,"5,029,322","18,236,006","807,851","2,441,190","21,236,370","395,619","807,851","615,638",7,"867,608","810,738","38,452","485,960","106,313","97,445","2,059,106","1,989,710","35,776","8,109,613",11,60,6,0,4,174,40,0,0,0,"2,693,000","300,000",3. Mixed,Hybrid
RRE,MIDLANDS PARTNERSHIP NHS FOUNDATION TRUST,MIDLANDS AND EAST OF ENGLAND COMMISSIONING REGION,MIDLANDS COMMISSIONING REGION,MENTAL HEALTH AND LEARNING DISABILITY,0,0,0,2,1,1,1,0,96,1,102,54,21,0,Yes,No,Yes,0,"566,932","413,568",0,"265,500",0,"555,158",0,0,"834,180","233,753",0,"40,349","138,178",9,"216,223",0,0,"1,204,309",1,2,99,0,6,68,4,0,0,0,"9,225","80,000",3. Mixed,Internal
RRF,"WRIGHTINGTON, WIGAN AND LEIGH NHS FOUNDATION TRUST",NORTH OF ENGLAND COMMISSIONING REGION,NORTH WEST COMMISSIONING REGION,ACUTE - MEDIUM,1,1,1,0,0,0,0,0,4,25,32,13,0,0,Yes,No,Yes,"469,630","1,371,610","242,540",0,"1,731,470","202,320","579,000","150,000",1,0,"96,012","4,371",0,"3,157,829",0,"1,139,856","532,986","86,000","817,554",8,4,12,583,5,28,13,0,0,0,"644,678",0,3. Mixed,Internal
RRJ,ROYAL ORTHOPAEDIC HOSPITAL NHS FOUNDATION TRUST,MIDLANDS AND EAST OF ENGLAND COMMISSIONING REGION,MIDLANDS COMMISSIONING REGION,ACUTE - SPECIALIST,0,1,0,0,0,0,0,0,0,0,1,0,0,0,Yes,Yes,No,0,"781,659","13,200",0,0,0,"468,995","10,000",1,"20,000",0,0,0,"237,037",0,"351,151","84,162",0,"114,890",0,0,1,10,1,20,14,0,0,0,"417,998",0,3. Mixed,Internal
RRK,UNIVERSITY HOSPITALS BIRMINGHAM NHS FOUNDATION TRUST,MIDLANDS AND EAST OF ENGLAND COMMISSIONING REGION,MIDLANDS COMMISSIONING REGION,ACUTE - TEACHING,4,0,0,0,0,0,0,1,30,9,44,11,14,5,No,No,Yes,"1,992,829","22,529,743","1,370,131","14,201,967","10,382,491","1,308,245","3,786,602",0,0,"77,361","714,297","89,517","348,585","1,449,181","69,700","3,645,259","2,231,431","49,073","4,763,626",0,0,3,0,5,546,304,0,0,0,"2,545,195","638,429",3. Mixed,Hybrid
RRP,"BARNET, ENFIELD AND HARINGEY MENTAL HEALTH NHS TRUST",LONDON COMMISSIONING REGION,LONDON COMMISSIONING REGION,MENTAL HEALTH AND LEARNING DISABILITY,0,0,1,3,0,0,1,0,15,8,28,12,1,5,Yes,Yes,Yes,"5,205,304","5,868,179","218,305",0,"15,506,750",0,"218,305","476,110",10,0,"114,435","25,715","311,949",0,"3,526","83,348","102,156","53,316","1,621,688",40,55,98,32,14,105,12,0,3,0,"43,000","135,000",3. Mixed,Internal
RRU,LONDON AMBULANCE SERVICE NHS TRUST,LONDON COMMISSIONING REGION,LONDON COMMISSIONING REGION,AMBULANCE,Not Applicable,Not Applicable,Not Applicable,Not Applicable,Not Applicable,Not Applicable,Not Applicable,Not Applicable,Not Applicable,87,87,Not Applicable,Not Applicable,2,No,No,No,0,"2,367,000",62,0,0,0,"225,000","54,897",1,Not Applicable,Not Applicable,Not Applicable,Not Applicable,Not Applicable,Not Applicable,Not Applicable,Not Applicable,Not Applicable,"18,969",5,35,0,0,0,2,1,0,0,0,Not Applicable,Not Applicable,Not Applicable,Not Applicable
RRV,UNIVERSITY COLLEGE LONDON NHS FOUNDATION TRUST,LONDON COMMISSIONING REGION,LONDON COMMISSIONING REGION,ACUTE - TEACHING,1,5,2,0,0,0,0,0,4,11,23,0,0,0,Yes,Yes,Yes,"125,924,282","12,853,590","162,225","1,929,192","135,761,355","1,249,551","8,457,340",0,0,"211,501",0,"234,311",0,"56,418",0,0,"125,669",0,0,6,3,1,0,3,56,94,0,0,0,"2,425,849","1,473,529",1. Paper,Hybrid
RT1,CAMBRIDGESHIRE AND PETERBOROUGH NHS FOUNDATION TRUST,MIDLANDS AND EAST OF ENGLAND COMMISSIONING REGION,EAST OF ENGLAND COMMISSIONING REGION,MENTAL HEALTH AND LEARNING DISABILITY,0,0,2,9,1,2,3,0,40,12,69,35,5,0,Yes,No,Yes,"32,340","1,733,376","68,214",0,0,0,"32,667",0,0,0,0,0,0,0,0,0,0,0,0,27,231,1,7,3,21,6,0,0,0,0,"56,502",3. Mixed,Hybrid
RT2,PENNINE CARE NHS FOUNDATION TRUST,NORTH OF ENGLAND COMMISSIONING REGION,NORTH WEST COMMISSIONING REGION,MENTAL HEALTH AND LEARNING DISABILITY,0,0,0,1,0,4,5,0,135,3,148,74,38,0,No,Yes,Yes,0,"3,900,000","297,000",0,0,0,"420,000","121,500",6,0,0,0,"391,297","44,456",0,0,0,0,0,0,7,1,0,40,60,0,0,0,0,"84,817",0,3. Mixed,Internal
RT3,ROYAL BROMPTON AND HAREFIELD NHS FOUNDATION TRUST,LONDON COMMISSIONING REGION,LONDON COMMISSIONING REGION,ACUTE - SPECIALIST,0,2,0,0,0,0,0,0,1,0,3,0,0,0,No,No,No,0,"1,053,935","390,000",0,"1,443,935","563,245","2,720,000","9,530",2,"35,000",0,0,0,"1,063,760",0,"96,825","87,610",0,"1,324,210",1,242,54,2,2,17,26,0,0,0,"50,655","441,040",3. Mixed,Internal
RT5,LEICESTERSHIRE PARTNERSHIP NHS TRUST,MIDLANDS AND EAST OF ENGLAND COMMISSIONING REGION,MIDLANDS COMMISSIONING REGION,MENTAL HEALTH AND LEARNING DISABILITY,0,0,9,19,8,0,7,3,48,10,104,27,19,44,Yes,Yes,Yes,"1,647,000","1,661,000","421,000","45,000","3,729,000","31,000","300,000",0,0,0,0,0,0,0,0,0,0,0,0,3,0,0,0,19,99,29,0,0,0,0,"360,000",2. Electronic,Hybrid
RTD,THE NEWCASTLE UPON TYNE HOSPITALS NHS FOUNDATION TRUST,NORTH OF ENGLAND COMMISSIONING REGION,NORTH EAST AND YORKSHIRE COMMISSIONING REGION,ACUTE - TEACHING,2,0,0,0,0,0,0,0,19,5,26,10,14,0,No,Yes,Yes,"3,003,000","4,816,000","269,000","1,381,000","9,909,000","1,381,000","3,202,000",0,0,"15,480","1,224,397",0,"162,247","1,359,014",0,"2,341,852","1,147,377",0,"3,227,747",2,65,12,0,9,156,105,0,0,0,"2,148,557","169,111",3. Mixed,Internal
RTE,GLOUCESTERSHIRE HOSPITALS NHS FOUNDATION TRUST,SOUTH OF ENGLAND COMMISSIONING REGION,SOUTH WEST COMMISSIONING REGION,ACUTE - LARGE,2,1,0,0,0,0,0,0,5,6,14,1,0,0,No,No,Yes,0,"3,949,739","109,942",0,"4,059,681",0,"4,176,745","89,000",5,"11,178","462,024","7,590","28,977","1,135,745","1,098","1,887,964","1,048,832","5,804","1,435,246",8,18,79,55,2,57,21,0,0,0,"692,334","176,144",3. Mixed,Internal
RTF,NORTHUMBRIA HEALTHCARE NHS FOUNDATION TRUST,NORTH OF ENGLAND COMMISSIONING REGION,NORTH EAST AND YORKSHIRE COMMISSIONING REGION,ACUTE - LARGE,3,1,0,0,0,0,4,1,46,1,56,0,44,0,Yes,Yes,Yes,"12,736,000","5,350,000","21,000","679,000",0,0,"1,149,000","140,000",5,"54,751","238,732",0,"81,461","1,457,094","21,869","918,443","737,762",0,"1,192,795",3,53,13,0,2,47,19,0,0,0,"385,417","45,120",3. Mixed,Internal
RTG,UNIVERSITY HOSPITALS OF DERBY AND BURTON NHS FOUNDATION TRUST,MIDLANDS AND EAST OF ENGLAND COMMISSIONING REGION,MIDLANDS COMMISSIONING REGION,ACUTE - TEACHING,2,0,0,0,0,0,3,0,0,0,5,0,0,0,Yes,Yes,Yes,"23,719,000","3,875,000","818,000","270,000","28,142,000",0,"2,792,667","90,000",16,"63,000","173,470","141,274",0,"215,909","1,202","2,919,343","1,046,300","28,949","1,661,040",5,282,4,78,4,186,63,0,1,0,"4,322,182","352,656",3. Mixed,Hybrid
RTH,OXFORD UNIVERSITY HOSPITALS NHS FOUNDATION TRUST,SOUTH OF ENGLAND COMMISSIONING REGION,SOUTH EAST COMMISSIONING REGION,ACUTE - TEACHING,3,1,0,0,0,0,0,0,0,0,4,0,3,0,No,No,No,"32,940","6,274,793","143,119","2,201,485","3,130,000","516,767","1,615,644","34,460",1,"76,138","1,900,686","2,496",0,"1,310",0,"2,778,530","586,500","7,864","5,970,795",9,582,0,0,10,357,0,0,0,0,"1,079,191","950,102",1. Paper,Hybrid
RTK,ASHFORD AND ST. PETER'S HOSPITALS NHS FOUNDATION TRUST,SOUTH OF ENGLAND COMMISSIONING REGION,SOUTH EAST COMMISSIONING REGION,ACUTE - MEDIUM,2,0,0,0,0,0,1,0,3,0,6,0,0,0,Yes,Yes,Yes,0,"1,390,644","827,170","3,542,895","3,370,228","294,030","1,246,445","4,000",1,"62,080",0,"9,810","50,081","6,861",0,"2,004,221","437,699","6,618","1,681,854",14,19,0,16,2,13,8,0,0,0,"1,001,766","53,010",3. Mixed,Hybrid
RTP,SURREY AND SUSSEX HEALTHCARE NHS TRUST,SOUTH OF ENGLAND COMMISSIONING REGION,SOUTH EAST COMMISSIONING REGION,ACUTE - MEDIUM,1,0,0,0,0,0,0,0,5,0,6,0,5,0,Yes,No,Yes,"6,810,975","2,233,219","1,963,342",0,"3,900,000","103,318","1,378,843",0,0,"121,664","174,118","5,829","133,066","767,748","75,430","1,560,400","308,946","56,290","660,961",4,66,14,0,3,0,53,0,0,0,"1,841,799","269,832",3. Mixed,Hybrid
RTQ,2GETHER NHS FOUNDATION TRUST,SOUTH OF ENGLAND COMMISSIONING REGION,SOUTH WEST COMMISSIONING REGION,MENTAL HEALTH AND LEARNING DISABILITY,0,0,0,5,1,1,0,0,15,4,26,1,3,0,Yes,Yes,Yes,0,"1,007,793","46,349","124,000",0,0,"817,692","31,000",1,"34,697",0,0,0,0,0,0,0,0,"22,029",0,17,0,0,7,10,10,0,0,0,0,"39,826",3. Mixed,Internal
RTR,SOUTH TEES HOSPITALS NHS FOUNDATION TRUST,NORTH OF ENGLAND COMMISSIONING REGION,NORTH EAST AND YORKSHIRE COMMISSIONING REGION,ACUTE - TEACHING,2,0,0,0,0,0,3,0,18,3,26,10,24,0,Yes,Yes,Yes,"5,285,000",0,"5,358,000",0,0,0,"102,715","35,000",3,"90,737","128,751","26,378","458,790","379,638","119,005","1,402,034","1,897,191",0,"2,363,295",20,0,0,0,2,256,9,0,1,0,"286,386","1,165,794",3. Mixed,Hybrid
RTV,NORTH WEST BOROUGHS HEALTHCARE NHS FOUNDATION TRUST,NORTH OF ENGLAND COMMISSIONING REGION,NORTH WEST COMMISSIONING REGION,MENTAL HEALTH AND LEARNING DISABILITY,0,0,0,5,0,1,0,0,78,10,94,50,16,9,Yes,Yes,No,0,"469,515",0,0,0,0,"179,731","61,005",1,0,0,0,0,0,0,0,0,0,"269,860",0,0,0,0,11,42,9,0,0,0,"163,332","597,151",3. Mixed,Hybrid
RTX,UNIVERSITY HOSPITALS OF MORECAMBE BAY NHS FOUNDATION TRUST,NORTH OF ENGLAND COMMISSIONING REGION,NORTH WEST COMMISSIONING REGION,ACUTE - MEDIUM,3,0,0,0,0,0,1,0,24,2,30,14,1,0,Yes,No,Yes,"858,000","11,488,000","908,000",0,"13,213,000",0,"7,300,000","859,000",2,0,"57,197","20,168","205,532",0,"31,094","817,723","322,919","73,224","1,587,532",3,0,0,0,1,16,40,0,0,0,"395,533","542,720",3. Mixed,Internal
RV3,CENTRAL AND NORTH WEST LONDON NHS FOUNDATION TRUST,LONDON COMMISSIONING REGION,LONDON COMMISSIONING REGION,MENTAL HEALTH AND LEARNING DISABILITY,0,0,1,34,0,1,2,0,50,4,92,8,28,2,Yes,No,No,0,"14,659,000","721,500",0,"6,562,000",0,"691,000",0,0,0,"98,316","27,310","317,671","332,746",0,0,"6,248","426,388","1,408,763",9,0,0,0,13,94,0,0,0,0,0,"103,974",3. Mixed,Hybrid
RV5,SOUTH LONDON AND MAUDSLEY NHS FOUNDATION TRUST,LONDON COMMISSIONING REGION,LONDON COMMISSIONING REGION,MENTAL HEALTH AND LEARNING DISABILITY,0,0,0,55,0,2,3,0,7,7,74,21,6,0,Yes,Yes,No,"2,812,000","8,161,000","3,208,000",0,0,0,"1,000,000",0,0,0,0,0,0,0,0,"100,224","37,818",0,0,47,0,0,0,54,61,61,0,0,0,0,0,2. Electronic,Internal
RV9,HUMBER TEACHING NHS FOUNDATION TRUST,NORTH OF ENGLAND COMMISSIONING REGION,NORTH EAST AND YORKSHIRE COMMISSIONING REGION,MENTAL HEALTH AND LEARNING DISABILITY,0,0,0,8,2,0,3,0,32,5,50,5,6,0,Yes,Yes,No,0,"1,361,000","145,000",0,"5,629,000",0,"1,118,000",0,0,0,0,0,"37,923","200,004",0,0,0,0,"19,959",0,0,0,0,6,95,13,0,0,0,"97,189","107,155",3. Mixed,Hybrid
RVJ,NORTH BRISTOL NHS TRUST,SOUTH OF ENGLAND COMMISSIONING REGION,SOUTH WEST COMMISSIONING REGION,ACUTE - LARGE,1,0,0,0,0,0,0,0,5,3,9,1,0,0,Yes,Yes,Yes,0,"2,324,614","10,822",0,0,"109,095","1,404,000",0,0,"28,946","452,879","17,236","341,107","1,391,333","17,585","2,128,669","683,323","10,996","2,730,930",8,957,1,3,4,61,71,0,0,0,"861,937","993,415",3. Mixed,Hybrid
RVN,AVON AND WILTSHIRE MENTAL HEALTH PARTNERSHIP NHS TRUST,SOUTH OF ENGLAND COMMISSIONING REGION,SOUTH WEST COMMISSIONING REGION,MENTAL HEALTH AND LEARNING DISABILITY,0,0,0,10,0,2,0,0,52,29,93,46,6,43,Yes,Yes,No,0,"1,432,000","190,000",0,0,0,"113,000",0,0,0,0,0,0,0,0,0,0,0,"362,930",1,1,1,1,1,1,1,0,0,0,"177,070",0,3. Mixed,Internal
RVR,EPSOM AND ST HELIER UNIVERSITY HOSPITALS NHS TRUST,LONDON COMMISSIONING REGION,LONDON COMMISSIONING REGION,ACUTE - LARGE,2,0,0,0,0,0,0,0,10,1,13,4,1,10,Yes,No,Yes,"3,683,000","38,739,000","3,831,000",0,"46,253,000",0,"8,665,000","7,441,000",2,"507,223","23,440",0,0,"1,188","17,915","2,348,841","837,026",0,"2,496,270",8,98,45,30,1,46,21,0,0,0,"1,963,170","307,115",3. Mixed,Hybrid
RVV,EAST KENT HOSPITALS UNIVERSITY NHS FOUNDATION TRUST,SOUTH OF ENGLAND COMMISSIONING REGION,SOUTH EAST COMMISSIONING REGION,ACUTE - TEACHING,3,0,0,0,0,0,0,0,8,3,14,3,3,4,Yes,Yes,Yes,"1,576,695","12,248,985","4,632,441",0,0,"917,131","3,489,954",0,0,"54,391","134,413","12,264","143,714","1,712,387","312,056","2,916,397","1,870,248",0,"2,252,999",8,184,1,42,11,80,0,0,0,0,"2,342,603","590,442",3. Mixed,Internal
RVW,NORTH TEES AND HARTLEPOOL NHS FOUNDATION TRUST,NORTH OF ENGLAND COMMISSIONING REGION,NORTH EAST AND YORKSHIRE COMMISSIONING REGION,ACUTE - MEDIUM,2,0,0,0,0,0,0,0,53,0,55,47,17,8,No,Yes,No,"8,527,501","906,648","2,832,401",0,0,"150,000","9,434,149","374,539",2,"13,000","111,843","13,875","32,756","949,860","12,627","1,343,387","610,045","7,675","1,621,123",28,6,0,0,93,75,7,0,0,0,"661,340","98,000",3. Mixed,Hybrid
RVY,SOUTHPORT AND ORMSKIRK HOSPITAL NHS TRUST,NORTH OF ENGLAND COMMISSIONING REGION,NORTH WEST COMMISSIONING REGION,ACUTE - SMALL,2,0,0,0,0,0,0,0,0,0,2,0,0,0,No,Yes,Yes,"277,485","1,352,895","1,613,661","1,173,303","973,000","169,569","169,315",0,0,0,"470,749","16,700","34,746","695,517","186,729","1,207,905","467,037","43,503","791,409",9,37,267,4,2,36,5,0,0,0,"271,001",0,3. Mixed,Internal
RW1,SOUTHERN HEALTH NHS FOUNDATION TRUST,SOUTH OF ENGLAND COMMISSIONING REGION,SOUTH EAST COMMISSIONING REGION,MENTAL HEALTH AND LEARNING DISABILITY,0,0,2,12,2,1,7,10,74,12,120,50,26,0,No,No,No,"1,781,680","2,266,453","623,255",0,"10,531,503","16,978","1,832,078","9,419",1,0,"121,828","27,495","650,901","462,308","12,000","114,850",0,"26,432","2,715,705",3,39,368,80,0,90,10,0,0,0,0,"220,007",3. Mixed,Hybrid
RW4,MERSEY CARE NHS FOUNDATION TRUST,NORTH OF ENGLAND COMMISSIONING REGION,NORTH WEST COMMISSIONING REGION,MENTAL HEALTH AND LEARNING DISABILITY,0,0,0,12,2,1,0,1,69,7,92,13,2,0,Yes,Yes,Yes,"33,721,079","3,566,387","243,053",0,"40,496,773",0,"2,966,253","35,000",1,0,0,0,0,0,0,0,0,0,"332,336",10,26,0,0,21,50,5,0,2,0,"500,113","48,479",3. Mixed,Internal
RW5,LANCASHIRE CARE NHS FOUNDATION TRUST,NORTH OF ENGLAND COMMISSIONING REGION,NORTH WEST COMMISSIONING REGION,MENTAL HEALTH AND LEARNING DISABILITY,0,0,0,11,0,0,1,1,108,3,124,5,59,3,Yes,No,Yes,0,"11,817,000","87,000",0,0,0,"1,190,000","30,000",1,0,0,0,0,0,0,0,0,0,0,49,0,0,0,292,9,9,0,3,0,"796,000",0,3. Mixed,Internal
RW6,PENNINE ACUTE HOSPITALS NHS TRUST,NORTH OF ENGLAND COMMISSIONING REGION,NORTH WEST COMMISSIONING REGION,ACUTE - LARGE,4,1,0,0,0,0,0,0,0,0,5,0,0,0,No,No,No,"6,198,000","5,729,000","1,576,000",0,"13,503,000",0,"4,416,084",0,0,"895,245","937,388","66,069","135,110","3,325,949","1,646,476","2,095,470","1,631,156","154,795","1,358,882",4,298,15,15,15,46,129,0,0,0,"6,004,980",0,3. Mixed,Internal
RWA,HULL AND EAST YORKSHIRE HOSPITALS NHS TRUST,NORTH OF ENGLAND COMMISSIONING REGION,NORTH EAST AND YORKSHIRE COMMISSIONING REGION,ACUTE - TEACHING,2,0,0,0,0,0,0,0,56,1,59,55,4,27,Yes,No,Yes,"1,839,350","5,325,801","66,361","1,483,016","6,900,000","500,000","1,858,000","81,000",5,"34,050",0,"10,548",0,"2,924,700","41,293","1,409,309","625,804",0,"852,750",9,211,7,0,1,73,49,0,0,0,"1,993,597","91,209",3. Mixed,Internal
RWD,UNITED LINCOLNSHIRE HOSPITALS NHS TRUST,MIDLANDS AND EAST OF ENGLAND COMMISSIONING REGION,MIDLANDS COMMISSIONING REGION,ACUTE - LARGE,3,0,7,0,0,0,1,0,74,0,85,74,6,73,Yes,Yes,Yes,"67,336","22,254,573","46,059",0,"22,367,968",0,"22,254,573","858,345",3,"473,851","634,544","42,756","180,410","1,580,650","23,208","1,670,502","1,001,607","105,705","1,989,627",38,68,12,22,7,221,39,0,0,0,"2,762,657","350,038",1. Paper,Hybrid
RWE,UNIVERSITY HOSPITALS OF LEICESTER NHS TRUST,MIDLANDS AND EAST OF ENGLAND COMMISSIONING REGION,MIDLANDS COMMISSIONING REGION,ACUTE - TEACHING,3,0,0,0,0,0,0,0,0,0,3,0,0,0,Yes,Yes,No,"5,654,391","5,199,615",0,0,0,"429,651","3,592,391","651,632",9,"129,051","716,231",0,0,"3,404,483",0,"3,413,627","1,507,131",0,"2,159,985",18,148,0,5,4,113,112,0,0,0,"2,021,201","625,606",1. Paper,Internal
RWF,MAIDSTONE AND TUNBRIDGE WELLS NHS TRUST,SOUTH OF ENGLAND COMMISSIONING REGION,SOUTH EAST COMMISSIONING REGION,ACUTE - LARGE,2,0,0,0,0,0,3,1,5,11,22,3,9,0,Yes,No,Yes,0,"1,289,628","12,371",0,0,0,"1,069,033","1,420,656",8,"317,925","227,915",0,0,"1,181,275","873,257","1,835,966","537,010","8,388","792,481",1,0,0,0,1,100,0,0,0,0,"2,352,423","288,475",3. Mixed,Internal
RWG,WEST HERTFORDSHIRE HOSPITALS NHS TRUST,MIDLANDS AND EAST OF ENGLAND COMMISSIONING REGION,EAST OF ENGLAND COMMISSIONING REGION,ACUTE - MEDIUM,1,0,0,0,0,0,2,0,1,0,4,0,0,0,Yes,No,Yes,0,"6,377,000","2,985,000",0,0,0,"3,118,300",0,0,"61,101","79,806","58,376","78,684","53,349","3,549","1,438,807","692,970","17,664","1,847,740",1,11,7,0,4,93,7,0,0,0,"1,190,841","251,171",3. Mixed,Hybrid
RWH,EAST AND NORTH HERTFORDSHIRE NHS TRUST,MIDLANDS AND EAST OF ENGLAND COMMISSIONING REGION,EAST OF ENGLAND COMMISSIONING REGION,ACUTE - LARGE,1,0,0,0,0,0,0,1,7,5,14,13,0,0,No,No,Yes,0,"778,972","100,832",0,0,0,"160,439",0,0,"151,103","175,088",0,0,"1,287,959",0,"659,530","1,169,670",0,"736,014",4,0,0,0,0,5,65,0,0,0,"822,782","160,000",1. Paper,Internal
RWJ,STOCKPORT NHS FOUNDATION TRUST,NORTH OF ENGLAND COMMISSIONING REGION,NORTH WEST COMMISSIONING REGION,ACUTE - MEDIUM,1,1,0,0,0,0,0,0,0,0,2,0,0,0,Yes,No,Yes,"782,080","1,809,363","375,732",0,"2,967,175",0,"614,992","129,148",4,"19,617","97,651","20,013","17,984","950,506","23,626","1,219,106","510,139","44,900","556,807",12,244,5,0,4,8,12,0,0,0,"366,881","60,846",3. Mixed,Internal
RWK,EAST LONDON NHS FOUNDATION TRUST,LONDON COMMISSIONING REGION,LONDON COMMISSIONING REGION,MENTAL HEALTH AND LEARNING DISABILITY,0,0,0,13,0,0,0,0,92,4,109,3,34,0,Yes,No,Yes,0,"12,400,000","400,000",0,0,0,"2,000,000",0,0,0,0,0,0,0,0,0,0,0,0,104,0,0,0,32,60,0,0,0,0,0,"63,792",3. Mixed,Extenal
RWP,WORCESTERSHIRE ACUTE HOSPITALS NHS TRUST,MIDLANDS AND EAST OF ENGLAND COMMISSIONING REGION,MIDLANDS COMMISSIONING REGION,ACUTE - LARGE,3,0,0,0,0,0,3,0,0,2,8,3,0,0,Yes,No,No,"2,861,900","12,039,596",0,"973,000",0,0,0,0,0,"40,220","374,448",0,0,"338,779",0,"1,899,684","579,099",0,"1,594,593",18,0,10,2,1,0,150,0,0,0,0,"409,692",3. Mixed,Hybrid
RWR,HERTFORDSHIRE PARTNERSHIP NHS FOUNDATION TRUST,MIDLANDS AND EAST OF ENGLAND COMMISSIONING REGION,EAST OF ENGLAND COMMISSIONING REGION,MENTAL HEALTH AND LEARNING DISABILITY,0,0,0,21,6,11,0,0,0,1,39,0,0,0,Yes,Yes,No,"1,300,000","1,200,000",0,0,0,0,0,0,0,0,0,0,0,0,0,0,0,0,0,3,0,0,0,2,111,1,0,0,0,0,"51,000",3. Mixed,Hybrid
RWV,DEVON PARTNERSHIP NHS TRUST,SOUTH OF ENGLAND COMMISSIONING REGION,SOUTH WEST COMMISSIONING REGION,MENTAL HEALTH AND LEARNING DISABILITY,0,0,1,6,1,0,0,0,17,5,30,31,7,13,No,No,Yes,"9,897,252","4,128,394","57,558",0,"14,083,205",0,"1,385,000","316,708",0,0,"2,313",0,0,"2,798",0,"44,318","33,964",0,"38,682",1,3,0,0,3,71,6,0,2,0,"4,511","48,829",3. Mixed,Hybrid
RWW,WARRINGTON AND HALTON HOSPITALS NHS FOUNDATION TRUST,NORTH OF ENGLAND COMMISSIONING REGION,NORTH WEST COMMISSIONING REGION,ACUTE - SMALL,2,0,0,0,0,0,0,0,0,0,2,0,0,0,Yes,Yes,No,0,"2,969,000","984,000",0,"221,000","199,000","2,382,000",0,0,0,"232,643","44,070","69,021","176,299","5,236","1,357,016","643,599","1,967","587,864",29,0,0,0,1,4,83,0,0,0,"646,586","218,739",3. Mixed,Hybrid
RWX,BERKSHIRE HEALTHCARE NHS FOUNDATION TRUST,SOUTH OF ENGLAND COMMISSIONING REGION,SOUTH EAST COMMISSIONING REGION,MENTAL HEALTH AND LEARNING DISABILITY,0,0,1,8,0,2,4,0,25,3,43,14,16,0,Yes,No,No,"1,085,616","2,746,000","81,000",0,"2,827,000","1,085,616","1,002,725",0,0,0,0,0,0,"142,868",0,"257,098",0,0,"6,801,992",1,232,46,1,10,119,7,0,1,0,"48,744","176,024",3. Mixed,Internal
RWY,CALDERDALE AND HUDDERSFIELD NHS FOUNDATION TRUST,NORTH OF ENGLAND COMMISSIONING REGION,NORTH EAST AND YORKSHIRE COMMISSIONING REGION,ACUTE - LARGE,2,0,0,0,0,0,0,0,101,8,111,93,3,83,Yes,No,Yes,0,"2,454,000",0,0,0,0,"2,454,000","35,000",1,"749,499","114,597","9,207","8,155","8,155","9,530","1,769,855","706,397","8,155","1,364,384",7,6,0,0,1,59,2,0,0,0,"20,704","13,693",3. Mixed,Internal
RX1,NOTTINGHAM UNIVERSITY HOSPITALS NHS TRUST,MIDLANDS AND EAST OF ENGLAND COMMISSIONING REGION,MIDLANDS COMMISSIONING REGION,ACUTE - TEACHING,2,0,0,0,0,0,0,0,1,0,3,0,0,0,Yes,No,Yes,"7,978,782","18,913,277","636,738",0,"26,732,322","796,476","10,207,621","3,392,052",5,"836,173","2,360,133","87,033",0,0,"125,325","2,815,517","1,386,798","105,328","488,787",9,6,13,7,11,1,291,0,0,0,0,"855,141",3. Mixed,Hybrid
RX2,SUSSEX PARTNERSHIP NHS FOUNDATION TRUST,SOUTH OF ENGLAND COMMISSIONING REGION,SOUTH EAST COMMISSIONING REGION,MENTAL HEALTH AND LEARNING DISABILITY,0,0,0,42,1,0,0,1,26,13,83,10,13,4,Yes,No,No,0,"3,497,470","1,110,882",0,0,0,"878,000",0,0,0,0,0,0,"420,441",0,0,0,0,"2,059,682",0,6,4,1,13,71,14,0,0,0,0,"218,464",3. Mixed,Extenal
RX3,"TEES, ESK AND WEAR VALLEYS NHS FOUNDATION TRUST",NORTH OF ENGLAND COMMISSIONING REGION,NORTH EAST AND YORKSHIRE COMMISSIONING REGION,MENTAL HEALTH AND LEARNING DISABILITY,0,0,0,19,0,0,0,0,1,48,68,8,8,0,Yes,Yes,Yes,"13,603,000","4,064,000","843,000",0,0,0,0,"1,079,000",3,0,0,0,"6,760","221,433",0,0,0,0,"73,580",30,0,0,0,21,80,9,0,0,0,"110,624","198,987",1. Paper,Extenal
RX4,"NORTHUMBERLAND, TYNE AND WEAR NHS FOUNDATION TRUST",NORTH OF ENGLAND COMMISSIONING REGION,NORTH EAST AND YORKSHIRE COMMISSIONING REGION,MENTAL HEALTH AND LEARNING DISABILITY,0,0,0,10,0,4,0,0,58,13,85,33,7,6,Yes,Yes,No,"187,689","4,540,461",0,0,"4,703,465","24,685","412,708",0,0,0,"21,846",0,"11,992","539,245","21,701","51,095",0,"22,411","403,710",1,25,1,0,41,305,21,0,0,0,"14,131","87,790",3. Mixed,Internal
RX6,NORTH EAST AMBULANCE SERVICE NHS FOUNDATION TRUST,NORTH OF ENGLAND COMMISSIONING REGION,NORTH EAST AND YORKSHIRE COMMISSIONING REGION,AMBULANCE,Not Applicable,Not Applicable,Not Applicable,Not Applicable,Not Applicable,Not Applicable,Not Applicable,Not Applicable,Not Applicable,58,58,Not Applicable,Not Applicable,0,Yes,No,Yes,"78,136","737,102",0,0,0,0,"502,774","219,000",11,Not Applicable,Not Applicable,Not Applicable,Not Applicable,Not Applicable,Not Applicable,Not Applicable,Not Applicable,Not Applicable,"169,959",1,0,0,0,0,0,0,0,0,0,Not Applicable,Not Applicable,Not Applicable,Not Applicable
RX7,NORTH WEST AMBULANCE SERVICE NHS TRUST,NORTH OF ENGLAND COMMISSIONING REGION,NORTH WEST COMMISSIONING REGION,AMBULANCE,Not Applicable,Not Applicable,Not Applicable,Not Applicable,Not Applicable,Not Applicable,Not Applicable,Not Applicable,Not Applicable,135,135,Not Applicable,Not Applicable,0,Yes,No,No,0,"2,465,195",0,0,0,0,"252,515",0,0,Not Applicable,Not Applicable,Not Applicable,Not Applicable,Not Applicable,Not Applicable,Not Applicable,Not Applicable,Not Applicable,"612,407",2,0,0,0,0,3,0,0,0,0,Not Applicable,Not Applicable,Not Applicable,Not Applicable
RX8,YORKSHIRE AMBULANCE SERVICE NHS TRUST,NORTH OF ENGLAND COMMISSIONING REGION,NORTH EAST AND YORKSHIRE COMMISSIONING REGION,AMBULANCE,Not Applicable,Not Applicable,Not Applicable,Not Applicable,Not Applicable,Not Applicable,Not Applicable,Not Applicable,Not Applicable,98,98,Not Applicable,Not Applicable,0,No,Yes,Yes,0,"3,234,649","167,337",0,0,0,"1,172,000","264,000",1,Not Applicable,Not Applicable,Not Applicable,Not Applicable,Not Applicable,Not Applicable,Not Applicable,Not Applicable,Not Applicable,"90,948",0,0,0,0,3,5,2,0,0,0,Not Applicable,Not Applicable,Not Applicable,Not Applicable
RX9,EAST MIDLANDS AMBULANCE SERVICE NHS TRUST,MIDLANDS AND EAST OF ENGLAND COMMISSIONING REGION,MIDLANDS COMMISSIONING REGION,AMBULANCE,Not Applicable,Not Applicable,Not Applicable,Not Applicable,Not Applicable,Not Applicable,Not Applicable,Not Applicable,Not Applicable,76,76,Not Applicable,Not Applicable,0,No,No,Yes,0,"598,017","37,214",0,0,0,"598,017",0,0,Not Applicable,Not Applicable,Not Applicable,Not Applicable,Not Applicable,Not Applicable,Not Applicable,Not Applicable,Not Applicable,0,4,10,0,0,1,5,1,0,0,0,Not Applicable,Not Applicable,Not Applicable,Not Applicable
RXA,CHESHIRE AND WIRRAL PARTNERSHIP NHS FOUNDATION TRUST,NORTH OF ENGLAND COMMISSIONING REGION,NORTH WEST COMMISSIONING REGION,MENTAL HEALTH AND LEARNING DISABILITY,0,0,0,6,3,1,0,0,40,4,54,11,9,9,Yes,Yes,Yes,0,"2,007,512",0,0,0,0,"122,662","209,000",7,0,"48,793","1,187","1,119,818","114,545",0,0,0,"108,429","370,661",0,0,0,0,6,0,21,0,0,0,"73,075","89,925",3. Mixed,Internal
RXC,EAST SUSSEX HEALTHCARE NHS TRUST,SOUTH OF ENGLAND COMMISSIONING REGION,SOUTH EAST COMMISSIONING REGION,ACUTE - LARGE,2,0,0,0,0,0,2,0,17,7,28,9,18,1,Yes,Yes,Yes,"3,782,704","4,163,605","352,564",0,"9,617,295","21,794","1,952,661",0,0,"353,189","343,188","12,128","169,214","418,863","1,003,339","1,150,649","370,246",0,"4,298,671",16,14,2,14,3,162,31,0,0,0,"1,349,751","770,423",3. Mixed,Internal
RXE,ROTHERHAM DONCASTER AND SOUTH HUMBER NHS FOUNDATION TRUST,NORTH OF ENGLAND COMMISSIONING REGION,NORTH EAST AND YORKSHIRE COMMISSIONING REGION,MENTAL HEALTH AND LEARNING DISABILITY,0,0,1,4,9,0,0,2,27,3,46,26,6,0,Yes,Yes,No,0,"1,786,000","99,000",0,0,0,"25,000",0,0,"28,900","27,922","1,766","21,126","186,125","37,599",0,"1,175",0,"1,005,796",6,1,5,0,23,56,15,0,1,0,"7,000","65,470",3. Mixed,Hybrid
RXF,MID YORKSHIRE HOSPITALS NHS TRUST,NORTH OF ENGLAND COMMISSIONING REGION,NORTH EAST AND YORKSHIRE COMMISSIONING REGION,ACUTE - LARGE,3,0,0,0,0,0,0,1,33,0,37,1,12,0,Yes,No,No,0,"5,382,391","330,561",0,"5,631,662","81,290","3,495,764","74,886",9,0,"279,777",0,"384,057","218,367","51,750","2,656,872","1,295,113","5,851","3,079,526",4,17,6,0,0,75,40,0,0,0,"53,155",859,3. Mixed,Hybrid
RXG,SOUTH WEST YORKSHIRE PARTNERSHIP NHS FOUNDATION TRUST,NORTH OF ENGLAND COMMISSIONING REGION,NORTH EAST AND YORKSHIRE COMMISSIONING REGION,MENTAL HEALTH AND LEARNING DISABILITY,0,0,2,12,0,6,0,0,15,8,43,6,0,0,Yes,Yes,Yes,"4,668,585","539,125","28,728",0,"6,030,256",0,"793,818","46,452",2,0,0,0,"15,893","284,981",0,0,0,0,"450,284",0,0,0,1,0,93,18,0,0,0,"76,246","98,463",3. Mixed,Hybrid
RXH,BRIGHTON AND SUSSEX UNIVERSITY HOSPITALS NHS TRUST,SOUTH OF ENGLAND COMMISSIONING REGION,SOUTH EAST COMMISSIONING REGION,ACUTE - TEACHING,2,0,0,0,0,0,1,0,9,1,13,22,2,0,No,No,Yes,"68,201,000","20,622,472","8,453,000","4,231,000","91,191,472","1,854,000","9,000,000",0,0,"139,527",0,0,0,"924,537","44,828","953,955","277,842",0,"1,788,700",3,300,47,1,1,0,141,0,0,0,"2,639,371","178,971",3. Mixed,Hybrid
RXK,SANDWELL AND WEST BIRMINGHAM HOSPITALS NHS TRUST,MIDLANDS AND EAST OF ENGLAND COMMISSIONING REGION,MIDLANDS COMMISSIONING REGION,ACUTE - LARGE,2,0,0,0,0,0,2,0,0,1,5,1,0,0,Yes,Yes,Yes,"4,178,637","5,126,086","436,159","395,274","83,700,668",0,"2,829,129","104,211",2,0,"21,811","73,787",0,"2,123,152",0,"1,696,457","745,737",0,"1,260,372",44,214,0,754,10,0,120,0,0,0,"473,933","1,135,351",3. Mixed,Hybrid
RXL,BLACKPOOL TEACHING HOSPITALS NHS FOUNDATION TRUST,NORTH OF ENGLAND COMMISSIONING REGION,NORTH WEST COMMISSIONING REGION,ACUTE - TEACHING,1,0,0,0,0,0,1,0,359,15,376,341,43,305,No,Yes,Yes,0,"1,602,468","176,077",0,"1,602,468","209,641","2,203,840","14,389",6,"335,710","8,124","5,440","46,667","803,838","9,143","1,499,514","438,489",0,"1,726,074",46,197,7,0,4,76,4,0,1,0,"1,581,346",0,3. Mixed,Internal
RXM,DERBYSHIRE HEALTHCARE NHS FOUNDATION TRUST,MIDLANDS AND EAST OF ENGLAND COMMISSIONING REGION,MIDLANDS COMMISSIONING REGION,MENTAL HEALTH AND LEARNING DISABILITY,0,0,3,1,0,0,0,0,20,0,24,4,4,0,Yes,No,No,0,"1,105,000","91,000",0,0,0,"411,000",0,0,0,0,0,0,"159,429",0,0,0,0,0,0,17,0,0,11,19,5,0,0,0,0,"63,037",3. Mixed,Internal
RXN,LANCASHIRE TEACHING HOSPITALS NHS FOUNDATION TRUST,NORTH OF ENGLAND COMMISSIONING REGION,NORTH WEST COMMISSIONING REGION,ACUTE - TEACHING,2,0,0,0,0,0,0,0,2,0,4,0,0,0,No,Yes,Yes,"427,000","9,995,600","1,872,700",0,"12,178,600","116,700","4,515,000","232,434",6,"97,136","27,315","112,038","9,975","1,340,468","23,440","2,211,712","680,449",0,"1,580,436",41,7,2,0,11,0,59,0,0,0,"638,021","19,396",1. Paper,Internal
RXP,COUNTY DURHAM AND DARLINGTON NHS FOUNDATION TRUST,NORTH OF ENGLAND COMMISSIONING REGION,NORTH EAST AND YORKSHIRE COMMISSIONING REGION,ACUTE - MULTI-SERVICE,2,0,0,0,0,0,6,0,30,6,44,23,22,66,Yes,Yes,Yes,0,"8,786,772","3,055,140",0,0,0,"835,678",0,0,"113,296","19,076",0,0,"55,660","61,768","788,821","582,573","8,653","131,512",1,179,0,0,1,0,81,0,0,0,0,"470,989",3. Mixed,Hybrid
RXQ,BUCKINGHAMSHIRE HEALTHCARE NHS TRUST,SOUTH OF ENGLAND COMMISSIONING REGION,SOUTH EAST COMMISSIONING REGION,ACUTE - MULTI-SERVICE,2,0,1,0,0,0,1,0,10,3,17,0,1,0,Yes,No,Yes,0,"4,200,832","103,125",0,"4,194,734","55,465",0,0,0,"45,851","155,144",0,0,0,0,"1,154,431","946,141",0,"5,841,019",5,1,1,16,5,85,15,0,0,0,"1,327,077",0,3. Mixed,Internal
RXR,EAST LANCASHIRE HOSPITALS NHS TRUST,NORTH OF ENGLAND COMMISSIONING REGION,NORTH WEST COMMISSIONING REGION,ACUTE - LARGE,2,0,0,0,0,0,3,0,19,11,35,0,12,1,Yes,Yes,Yes,"10,000,000","2,572,346","36,816","1,065,763","10,000,000","100,000",0,0,0,0,"282,356","6,638","29,757","1,338,605","65,986","1,021,872",0,"55,119","1,565,378",30,967,70,4,3,169,21,0,0,0,"1,874,925","546,890",3. Mixed,Hybrid
RXT,BIRMINGHAM AND SOLIHULL MENTAL HEALTH NHS FOUNDATION TRUST,MIDLANDS AND EAST OF ENGLAND COMMISSIONING REGION,MIDLANDS COMMISSIONING REGION,MENTAL HEALTH AND LEARNING DISABILITY,0,0,0,22,0,0,0,0,19,3,44,1,2,19,Yes,Yes,No,"961,433","2,399,033","71,023",0,"3,431,488",0,"973,398",0,0,0,0,0,0,"79,482",0,"27,231","18,154",0,"11,000",58,308,107,0,14,0,0,0,0,0,"355,077","130,000",3. Mixed,Hybrid
RXV,GREATER MANCHESTER MENTAL HEALTH NHS FOUNDATION TRUST,NORTH OF ENGLAND COMMISSIONING REGION,NORTH WEST COMMISSIONING REGION,MENTAL HEALTH AND LEARNING DISABILITY,0,0,0,11,0,0,0,0,85,10,106,52,27,52,Yes,Yes,Yes,"2,147,124","5,024,277","1,405,437",0,"8,576,838",0,"167,033","22,834",5,0,0,0,0,"175,911",0,"48,445","186,884",0,"138,321",2,3,0,0,39,266,56,0,1,0,"54,677","120,000",3. Mixed,Internal
RXW,SHREWSBURY AND TELFORD HOSPITAL NHS TRUST,MIDLANDS AND EAST OF ENGLAND COMMISSIONING REGION,MIDLANDS COMMISSIONING REGION,ACUTE - LARGE,2,0,0,0,0,0,0,0,10,3,15,5,6,0,No,Yes,No,"524,036","7,485,298","72,211",0,"7,804,518","277,027","1,419,237",0,0,0,0,0,"29,871","991,423","10,000","1,381,096","611,843",0,"744,843",6,215,119,0,3,0,88,0,0,0,"450,000","28,800",3. Mixed,Internal
RXX,SURREY AND BORDERS PARTNERSHIP NHS FOUNDATION TRUST,SOUTH OF ENGLAND COMMISSIONING REGION,SOUTH EAST COMMISSIONING REGION,MENTAL HEALTH AND LEARNING DISABILITY,0,0,0,3,4,0,0,1,11,1,20,0,18,0,Yes,Yes,No,"2,000,000","400,000","60,000",0,0,0,"690,000","27,000",1,0,0,0,0,0,0,0,0,0,0,2,0,1,840,0,23,9,0,0,0,"210,000","310,000",3. Mixed,Hybrid
RXY,KENT AND MEDWAY NHS AND SOCIAL CARE PARTNERSHIP TRUST,SOUTH OF ENGLAND COMMISSIONING REGION,SOUTH EAST COMMISSIONING REGION,MENTAL HEALTH AND LEARNING DISABILITY,0,0,4,27,0,0,0,0,0,3,34,4,4,0,Yes,Yes,Yes,0,"3,070,801","2,126,000",0,"1,250,000",0,"3,396,199",0,0,0,"107,016","76,246","131,125","72,373",0,"16,835",0,0,"670,642",44,0,0,0,7,134,7,0,0,0,"793,398","163,716",3. Mixed,Hybrid
RY2,BRIDGEWATER COMMUNITY HEALTHCARE NHS TRUST,NORTH OF ENGLAND COMMISSIONING REGION,NORTH WEST COMMISSIONING REGION,COMMUNITY,0,0,0,0,0,0,0,1,136,4,141,25,39,43,Yes,Yes,No,"76,000",0,"7,500",0,0,0,0,"7,500",1,0,"75,000","75,000","75,000",0,0,0,0,0,"1,345,000",5,128,16,0,0,0,1,0,0,0,0,"91,832",3. Mixed,Hybrid
RY3,NORFOLK COMMUNITY HEALTH AND CARE NHS TRUST,MIDLANDS AND EAST OF ENGLAND COMMISSIONING REGION,EAST OF ENGLAND COMMISSIONING REGION,COMMUNITY,0,1,0,0,3,0,7,0,52,10,73,39,3,18,Yes,Yes,Yes,"1,021,600","874,100",0,0,"1,895,700",0,"414,089","137,100",4,"33,230","53,186","10,217","162,469",0,0,"106,194","68,502",0,"1,389,776",0,25,0,0,0,8,9,0,0,0,0,"17,354",3. Mixed,Hybrid
RY4,HERTFORDSHIRE COMMUNITY NHS TRUST,MIDLANDS AND EAST OF ENGLAND COMMISSIONING REGION,EAST OF ENGLAND COMMISSIONING REGION,COMMUNITY,0,0,0,0,0,0,1,6,35,5,47,0,9,0,Yes,Yes,No,"65,240","2,000,281","18,180",0,0,0,0,0,0,0,0,0,0,0,0,"17,197","30,959",0,"787,472",2,1,36,8,0,14,20,0,0,0,0,"54,550",3. Mixed,Hybrid
RY5,LINCOLNSHIRE COMMUNITY HEALTH SERVICES NHS TRUST,MIDLANDS AND EAST OF ENGLAND COMMISSIONING REGION,MIDLANDS COMMISSIONING REGION,COMMUNITY,0,0,0,0,0,0,4,1,33,7,45,23,20,2,Yes,No,No,0,"230,000","485,000",0,0,"196,000",0,0,0,0,0,0,0,0,0,0,0,0,0,1,31,1,1,1,8,1,0,0,0,"3,521","28,147",3. Mixed,Hybrid
RY6,LEEDS COMMUNITY HEALTHCARE NHS TRUST,NORTH OF ENGLAND COMMISSIONING REGION,NORTH EAST AND YORKSHIRE COMMISSIONING REGION,COMMUNITY,0,0,0,1,1,0,0,1,37,4,44,6,1,0,Yes,No,No,0,"154,000",0,0,0,0,"510,000",0,0,"49,855",0,0,0,0,0,0,0,0,0,0,0,0,0,5,2,6,0,0,0,0,"96,288",1. Paper,Extenal
RY7,WIRRAL COMMUNITY NHS FOUNDATION TRUST,NORTH OF ENGLAND COMMISSIONING REGION,NORTH WEST COMMISSIONING REGION,COMMUNITY,0,0,0,0,0,0,0,0,9,0,9,0,5,0,Yes,No,No,0,"539,000",0,0,0,0,"145,000",0,0,"22,233",0,0,0,"2,316",0,0,0,0,"10,443",1,0,0,0,0,5,1,0,0,0,0,0,3. Mixed,Internal
RY8,DERBYSHIRE COMMUNITY HEALTH SERVICES NHS TRUST,MIDLANDS AND EAST OF ENGLAND COMMISSIONING REGION,MIDLANDS COMMISSIONING REGION,COMMUNITY,0,0,0,0,5,0,8,2,37,0,52,2,5,0,Yes,No,Yes,"992,500","2,304,900","427,000",0,0,"11,700","308,000","33,000",1,0,"182,396","6,603","984,398","205,593",0,0,0,0,"2,052,403",0,3,4,2,1,14,20,0,0,0,"96,127","77,000",3. Mixed,Internal
RY9,HOUNSLOW AND RICHMOND COMMUNITY HEALTHCARE NHS TRUST,LONDON COMMISSIONING REGION,LONDON COMMISSIONING REGION,COMMUNITY,0,0,0,0,0,0,1,0,18,1,20,11,5,0,Yes,No,Yes,"17,826","968,706","521,610",0,0,"536,000","129,875","14,023",4,0,0,0,0,0,0,0,0,0,0,0,0,0,0,0,2,1,0,0,0,"38,827","18,171",3. Mixed,Hybrid
RYA,WEST MIDLANDS AMBULANCE SERVICE NHS FOUNDATION TRUST,MIDLANDS AND EAST OF ENGLAND COMMISSIONING REGION,MIDLANDS COMMISSIONING REGION,AMBULANCE,Not Applicable,Not Applicable,Not Applicable,Not Applicable,Not Applicable,Not Applicable,Not Applicable,Not Applicable,Not Applicable,60,60,Not Applicable,Not Applicable,0,Yes,No,No,"67,620","1,036,394",0,0,0,0,"103,000","97,989",4,Not Applicable,Not Applicable,Not Applicable,Not Applicable,Not Applicable,Not Applicable,Not Applicable,Not Applicable,Not Applicable,0,0,0,3,0,1,9,0,0,0,0,Not Applicable,Not Applicable,Not Applicable,Not Applicable
RYC,EAST OF ENGLAND AMBULANCE SERVICE NHS TRUST,MIDLANDS AND EAST OF ENGLAND COMMISSIONING REGION,EAST OF ENGLAND COMMISSIONING REGION,AMBULANCE,Not Applicable,Not Applicable,Not Applicable,Not Applicable,Not Applicable,Not Applicable,Not Applicable,Not Applicable,Not Applicable,134,134,Not Applicable,Not Applicable,134,Yes,Yes,No,"2,254,000","1,856,000","125,000",0,0,0,"324,000","250,000",4,Not Applicable,Not Applicable,Not Applicable,Not Applicable,Not Applicable,Not Applicable,Not Applicable,Not Applicable,Not Applicable,"194,546",136,0,0,0,0,0,0,0,0,0,Not Applicable,Not Applicable,Not Applicable,Not Applicable
RYD,SOUTH EAST COAST AMBULANCE SERVICE NHS FOUNDATION TRUST,SOUTH OF ENGLAND COMMISSIONING REGION,SOUTH EAST COMMISSIONING REGION,AMBULANCE,Not Applicable,Not Applicable,Not Applicable,Not Applicable,Not Applicable,Not Applicable,Not Applicable,Not Applicable,Not Applicable,116,116,Not Applicable,Not Applicable,0,Yes,No,No,"988,100","1,504,787","36,527",0,0,0,0,0,0,Not Applicable,Not Applicable,Not Applicable,Not Applicable,Not Applicable,Not Applicable,Not Applicable,Not Applicable,Not Applicable,0,3,95,0,0,3,3,0,0,0,0,Not Applicable,Not Applicable,Not Applicable,Not Applicable
RYE,SOUTH CENTRAL AMBULANCE SERVICE NHS FOUNDATION TRUST,SOUTH OF ENGLAND COMMISSIONING REGION,SOUTH EAST COMMISSIONING REGION,AMBULANCE,Not Applicable,Not Applicable,Not Applicable,Not Applicable,Not Applicable,Not Applicable,Not Applicable,Not Applicable,Not Applicable,102,102,Not Applicable,Not Applicable,0,Yes,No,No,0,"2,356,882","409,025",0,0,0,0,0,0,Not Applicable,Not Applicable,Not Applicable,Not Applicable,Not Applicable,Not Applicable,Not Applicable,Not Applicable,Not Applicable,"250,000",1,0,0,0,1,0,1,0,0,0,Not Applicable,Not Applicable,Not Applicable,Not Applicable
RYF,SOUTH WESTERN AMBULANCE SERVICE NHS FOUNDATION TRUST,SOUTH OF ENGLAND COMMISSIONING REGION,SOUTH WEST COMMISSIONING REGION,AMBULANCE,Not Applicable,Not Applicable,Not Applicable,Not Applicable,Not Applicable,Not Applicable,Not Applicable,Not Applicable,Not Applicable,154,154,Not Applicable,Not Applicable,0,Yes,No,No,0,"1,161,569","22,815",0,"1,184,384",0,"139,871",0,0,Not Applicable,Not Applicable,Not Applicable,Not Applicable,Not Applicable,Not Applicable,Not Applicable,Not Applicable,Not Applicable,"533,799",1,0,0,0,0,0,0,0,0,0,Not Applicable,Not Applicable,Not Applicable,Not Applicable
RYG,COVENTRY AND WARWICKSHIRE PARTNERSHIP NHS TRUST,MIDLANDS AND EAST OF ENGLAND COMMISSIONING REGION,MIDLANDS COMMISSIONING REGION,MENTAL HEALTH AND LEARNING DISABILITY,0,0,1,9,18,5,0,0,18,10,61,0,21,40,Yes,No,No,0,"1,313,887","201,211",0,0,"39,000","16,413",0,0,0,0,0,0,"15,818",0,0,0,0,"591,380",2,24,11,0,28,28,27,0,1,0,0,"122,836",3. Mixed,Extenal
RYJ,IMPERIAL COLLEGE HEALTHCARE NHS TRUST,LONDON COMMISSIONING REGION,LONDON COMMISSIONING REGION,ACUTE - TEACHING,3,2,0,0,0,0,0,0,0,0,5,0,0,0,Yes,No,Yes,0,"38,715,000","5,512,000",0,"521,000","1,680,000","18,723,000","521,000",16,"1,016,206","3,171,485","489,786","538,161",0,0,"474,809","841,181","7,335","4,886,365",25,255,9,13,1,390,0,0,0,0,"2,950,000","409,000",3. Mixed,Hybrid
RYK,DUDLEY AND WALSALL MENTAL HEALTH PARTNERSHIP NHS TRUST,MIDLANDS AND EAST OF ENGLAND COMMISSIONING REGION,MIDLANDS COMMISSIONING REGION,MENTAL HEALTH AND LEARNING DISABILITY,0,0,0,3,0,0,0,0,19,1,23,7,11,0,Yes,No,No,"290,897","1,539,455","251,797",0,0,0,"539,000",0,0,0,0,0,0,"48,026",0,0,0,0,0,2,13,0,0,2,18,3,0,1,0,"197,336","69,117",3. Mixed,Internal
RYR,WESTERN SUSSEX HOSPITALS NHS FOUNDATION TRUST,SOUTH OF ENGLAND COMMISSIONING REGION,SOUTH EAST COMMISSIONING REGION,ACUTE - LARGE,2,2,0,0,0,0,0,0,1,0,5,0,0,0,Yes,No,Yes,0,"2,302,000","2,522,000",0,0,0,"3,227,000","560,000",3,"477,750","2,914","63,419",0,0,"159,812","1,701,882","436,083",0,"1,314,232",3,1,0,49,0,133,45,0,0,0,"2,481,402","58,000",3. Mixed,Hybrid
RYV,CAMBRIDGESHIRE COMMUNITY SERVICES NHS TRUST,MIDLANDS AND EAST OF ENGLAND COMMISSIONING REGION,EAST OF ENGLAND COMMISSIONING REGION,COMMUNITY,0,0,0,0,0,0,0,1,116,43,160,93,10,0,Yes,Yes,Yes,0,"3,095,366",0,0,"3,095,366",0,"78,000",0,0,"64,323","428,545","18,443","660,205",0,0,"8,838",0,0,0,2,71,4,1,3,18,2,0,0,0,"11,641","50,835",3. Mixed,Hybrid
RYW,BIRMINGHAM COMMUNITY HEALTHCARE NHS FOUNDATION TRUST,MIDLANDS AND EAST OF ENGLAND COMMISSIONING REGION,MIDLANDS COMMISSIONING REGION,COMMUNITY,0,1,0,0,4,0,2,4,322,6,339,0,18,233,Yes,Yes,No,0,"2,782,520","1,681,226",0,0,0,0,0,0,0,0,0,0,"606,605",0,"169,106","101,970",0,"381,700",0,0,0,0,3,0,28,0,0,0,0,0,3. Mixed,Internal
RYX,CENTRAL LONDON COMMUNITY HEALTHCARE NHS TRUST,LONDON COMMISSIONING REGION,LONDON COMMISSIONING REGION,COMMUNITY,13,0,3,0,0,0,4,2,311,16,349,311,25,262,Yes,No,No,0,"1,773,196","50,000",0,0,0,"69,000",0,0,0,0,0,0,0,0,856,593,0,"1,311,300",6,54,65,5,12,8,5,0,0,0,"225,690","42,560",3. Mixed,Hybrid
RYY,KENT COMMUNITY HEALTH NHS FOUNDATION TRUST,SOUTH OF ENGLAND COMMISSIONING REGION,SOUTH EAST COMMISSIONING REGION,COMMUNITY,0,0,0,0,1,0,8,0,67,17,93,22,42,0,Yes,No,No,"140,300","931,154","50,433",0,0,0,"496,000","112,274",5,0,0,0,"972,940","48,773",0,0,0,0,"3,011,123",20,6,17,25,1,7,0,0,0,0,"21,261","130,000",3. Mixed,Hybrid
TAD,BRADFORD DISTRICT CARE NHS FOUNDATION TRUST,NORTH OF ENGLAND COMMISSIONING REGION,NORTH EAST AND YORKSHIRE COMMISSIONING REGION,CARE TRUST,0,0,1,1,1,0,0,0,38,2,43,14,22,0,Yes,Yes,Yes,0,"2,647,765","374,292",0,0,0,"9,182","23,945",1,"46,116","5,672","12,904","138,678","50,399",0,0,0,0,"735,242",1,19,0,0,9,36,1,0,0,0,"53,000","80,000",3. Mixed,Hybrid
TAF,CAMDEN AND ISLINGTON NHS FOUNDATION TRUST,LONDON COMMISSIONING REGION,LONDON COMMISSIONING REGION,CARE TRUST,0,0,1,8,0,0,0,1,18,1,29,0,1,0,Yes,No,No,"129,729","2,318,191",0,0,0,0,"530,064","203,797",5,0,0,0,0,0,0,0,0,0,0,0,34,16,4,4,33,4,0,0,0,"28,620","55,000",1. Paper,Extenal
TAH,SHEFFIELD HEALTH AND SOCIAL CARE NHS FOUNDATION TRUST,NORTH OF ENGLAND COMMISSIONING REGION,NORTH EAST AND YORKSHIRE COMMISSIONING REGION,CARE TRUST,0,0,6,1,1,0,0,0,14,6,28,0,0,0,Yes,Yes,Yes,0,"1,648,000","423,000",0,0,0,"166,781","4,123",3,0,0,0,0,0,0,0,0,0,"67,226",0,4,0,0,2,96,4,0,0,0,0,0,2. Electronic,Internal
TAJ,BLACK COUNTRY PARTNERSHIP NHS FOUNDATION TRUST,MIDLANDS AND EAST OF ENGLAND COMMISSIONING REGION,MIDLANDS COMMISSIONING REGION,CARE TRUST,0,0,2,6,1,2,0,0,13,1,25,83,8,47,No,Yes,No,0,"421,943","832,502","517,952","124,983",0,"501,924",0,0,0,0,0,0,0,0,0,0,0,"109,333",0,35,3,7,2,22,10,0,1,0,"403,005","99,720",3. Mixed,Hybrid
